INSERT INTO departamento (id, nome) VALUES (96, 'Administração');
INSERT INTO departamento (id, nome) VALUES (7, 'Ciência da Computação');
INSERT INTO departamento (id, nome) VALUES (97, 'Engenharia');
INSERT INTO departamento (id, nome) VALUES (30, 'Matemática');
INSERT INTO departamento (id, nome) VALUES (60, 'Física');
INSERT INTO professor (id, nome, id_dept) VALUES (76645, 'Dr. Murilo Guerra', 30);
INSERT INTO professor (id, nome, id_dept) VALUES (28944, 'Mathias Moura', 97);
INSERT INTO professor (id, nome, id_dept) VALUES (87835, 'Heloísa Nogueira', 30);
INSERT INTO professor (id, nome, id_dept) VALUES (89870, 'Eduardo Sales', 97);
INSERT INTO professor (id, nome, id_dept) VALUES (16938, 'Valentim da Paz', 97);
INSERT INTO professor (id, nome, id_dept) VALUES (69335, 'Sra. Maria Laura Sales', 7);
INSERT INTO professor (id, nome, id_dept) VALUES (4658, 'Gabriel Costela', 97);
INSERT INTO professor (id, nome, id_dept) VALUES (60957, 'Raul Ramos', 7);
INSERT INTO professor (id, nome, id_dept) VALUES (76443, 'Ágatha da Conceição', 60);
INSERT INTO professor (id, nome, id_dept) VALUES (8118, 'Agatha Nunes', 30);
INSERT INTO professor (id, nome, id_dept) VALUES (74354, 'Marcos Vinicius Albuquerque', 96);
INSERT INTO professor (id, nome, id_dept) VALUES (20129, 'Henry Vasconcelos', 96);
INSERT INTO professor (id, nome, id_dept) VALUES (43645, 'Ana Liz Pereira', 30);
INSERT INTO professor (id, nome, id_dept) VALUES (44653, 'Léo da Cunha', 96);
INSERT INTO professor (id, nome, id_dept) VALUES (33400, 'Amanda da Rosa', 96);
INSERT INTO professor (id, nome, id_dept) VALUES (4265, 'Sr. Yuri Pires', 96);
INSERT INTO professor (id, nome, id_dept) VALUES (67361, 'José Miguel Siqueira', 60);
INSERT INTO professor (id, nome, id_dept) VALUES (97007, 'Dra. Luara Moraes', 97);
INSERT INTO professor (id, nome, id_dept) VALUES (77095, 'Rhavi Cirino', 96);
INSERT INTO professor (id, nome, id_dept) VALUES (50203, 'Luigi Cunha', 96);
INSERT INTO professor (id, nome, id_dept) VALUES (22280, 'Elisa Gonçalves', 7);
INSERT INTO professor (id, nome, id_dept) VALUES (85460, 'Luigi Teixeira', 96);
INSERT INTO professor (id, nome, id_dept) VALUES (75158, 'Lucas Cardoso', 97);
INSERT INTO professor (id, nome, id_dept) VALUES (89828, 'Sr. Luiz Felipe Sá', 60);
INSERT INTO professor (id, nome, id_dept) VALUES (80612, 'Dom Freitas', 97);
INSERT INTO professor (id, nome, id_dept) VALUES (11018, 'Larissa Teixeira', 30);
INSERT INTO professor (id, nome, id_dept) VALUES (36814, 'Fernanda Santos', 7);
INSERT INTO professor (id, nome, id_dept) VALUES (89279, 'Isaque Machado', 60);
INSERT INTO professor (id, nome, id_dept) VALUES (19446, 'Dr. Thomas Lima', 30);
INSERT INTO professor (id, nome, id_dept) VALUES (78204, 'Ester Cirino', 30);
INSERT INTO professor (id, nome, id_dept) VALUES (58743, 'Dom Silveira', 96);
INSERT INTO professor (id, nome, id_dept) VALUES (80949, 'Sra. Evelyn Correia', 97);
INSERT INTO professor (id, nome, id_dept) VALUES (71938, 'Yan Borges', 60);
INSERT INTO professor (id, nome, id_dept) VALUES (31939, 'Nicole da Luz', 97);
INSERT INTO professor (id, nome, id_dept) VALUES (15300, 'Evelyn Cavalcanti', 96);
INSERT INTO professor (id, nome, id_dept) VALUES (68070, 'Theodoro Silva', 96);
INSERT INTO professor (id, nome, id_dept) VALUES (82800, 'Mariah Costa', 97);
INSERT INTO professor (id, nome, id_dept) VALUES (24362, 'Kamilly da Paz', 60);
INSERT INTO professor (id, nome, id_dept) VALUES (11606, 'Larissa da Rocha', 30);
INSERT INTO professor (id, nome, id_dept) VALUES (67421, 'Thiago Cirino', 7);
INSERT INTO professor (id, nome, id_dept) VALUES (51610, 'Luiz Miguel Camargo', 96);
INSERT INTO professor (id, nome, id_dept) VALUES (86818, 'Maya Correia', 7);
INSERT INTO professor (id, nome, id_dept) VALUES (72405, 'Ana Laura Brito', 7);
INSERT INTO professor (id, nome, id_dept) VALUES (87975, 'Igor Carvalho', 30);
INSERT INTO professor (id, nome, id_dept) VALUES (81619, 'Lara Pereira', 60);
INSERT INTO professor (id, nome, id_dept) VALUES (19703, 'Dra. Maria Cecília Nogueira', 60);
INSERT INTO professor (id, nome, id_dept) VALUES (97499, 'Jade Guerra', 60);
INSERT INTO professor (id, nome, id_dept) VALUES (29053, 'Lorena Brito', 96);
INSERT INTO professor (id, nome, id_dept) VALUES (48699, 'Mariana Novais', 97);
INSERT INTO professor (id, nome, id_dept) VALUES (70880, 'Ryan Pimenta', 60);
UPDATE departamento SET chefe_dept = 86818 WHERE id = 96;
UPDATE departamento SET chefe_dept = 89870 WHERE id = 7;
UPDATE departamento SET chefe_dept = 60957 WHERE id = 97;
UPDATE departamento SET chefe_dept = 58743 WHERE id = 30;
UPDATE departamento SET chefe_dept = 89279 WHERE id = 60;
INSERT INTO curso (id, nome, id_dept) VALUES (938, 'Administração', 30);
INSERT INTO curso (id, nome, id_dept) VALUES (650, 'Engenharia Civil', 60);
INSERT INTO curso (id, nome, id_dept) VALUES (381, 'Engenharia Elétrica', 07);
INSERT INTO curso (id, nome, id_dept) VALUES (773, 'Engenharia Mecânica', 97);
INSERT INTO curso (id, nome, id_dept) VALUES (074, 'Engenharia de Produção', 97);
INSERT INTO curso (id, nome, id_dept) VALUES (641, 'Engenharia Química', 96);
INSERT INTO curso (id, nome, id_dept) VALUES (535, 'Engenharia de Controle e Automação', 30);
INSERT INTO curso (id, nome, id_dept) VALUES (261, 'Engenharia de Computação', 97);
INSERT INTO curso (id, nome, id_dept) VALUES (157, 'Engenharia de Software', 97);
INSERT INTO curso (id, nome, id_dept) VALUES (787, 'Engenharia Ambiental', 30);
INSERT INTO curso (id, nome, id_dept) VALUES (369, 'Engenharia de Materiais', 60);
INSERT INTO curso (id, nome, id_dept) VALUES (656, 'Engenharia Naval', 97);
INSERT INTO curso (id, nome, id_dept) VALUES (766, 'Engenharia de Telecomunicações', 97);
INSERT INTO curso (id, nome, id_dept) VALUES (765, 'Engenharia Biomédica', 30);
INSERT INTO curso (id, nome, id_dept) VALUES (123, 'Engenharia de Petróleo', 60);
INSERT INTO curso (id, nome, id_dept) VALUES (077, 'Engenharia Aeroespacial', 60);
INSERT INTO curso (id, nome, id_dept) VALUES (324, 'Engenharia de Minas', 60);
INSERT INTO curso (id, nome, id_dept) VALUES (517, 'Engenharia Agronômica', 97);
INSERT INTO curso (id, nome, id_dept) VALUES (954, 'Ciência da Computação', 96);
INSERT INTO curso (id, nome, id_dept) VALUES (794, 'Sistemas de Informação', 97);
INSERT INTO curso (id, nome, id_dept) VALUES (659, 'Redes de Computadores', 07);
INSERT INTO curso (id, nome, id_dept) VALUES (502, 'Análise e Desenvolvimento de Sistemas', 30);
INSERT INTO curso (id, nome, id_dept) VALUES (276, 'Segurança da Informação', 07);
INSERT INTO curso (id, nome, id_dept) VALUES (018, 'Inteligência Artificial', 60);
INSERT INTO curso (id, nome, id_dept) VALUES (260, 'Big Data e Ciência de Dados', 97);
INSERT INTO curso (id, nome, id_dept) VALUES (867, 'Robótica', 07);
INSERT INTO curso (id, nome, id_dept) VALUES (103, 'Física', 30);
INSERT INTO curso (id, nome, id_dept) VALUES (508, 'Matemática', 07);
INSERT INTO disciplina (codigo, nome, id_dept) VALUES (54208989, 'Cálculo Diferencial e Integral I', 97);
INSERT INTO disciplina (codigo, nome, id_dept) VALUES (08074481, 'Cálculo Diferencial e Integral II', 30);
INSERT INTO disciplina (codigo, nome, id_dept) VALUES (80590634, 'Álgebra Linear', 07);
INSERT INTO disciplina (codigo, nome, id_dept) VALUES (99873341, 'Geometria Analítica', 96);
INSERT INTO disciplina (codigo, nome, id_dept) VALUES (17402713, 'Física I', 60);
INSERT INTO disciplina (codigo, nome, id_dept) VALUES (88144991, 'Física II', 60);
INSERT INTO disciplina (codigo, nome, id_dept) VALUES (51688452, 'Química Geral', 30);
INSERT INTO disciplina (codigo, nome, id_dept) VALUES (17360588, 'Programação I', 60);
INSERT INTO disciplina (codigo, nome, id_dept) VALUES (27389421, 'Programação II', 07);
INSERT INTO disciplina (codigo, nome, id_dept) VALUES (31835137, 'Estruturas de Dados', 30);
INSERT INTO disciplina (codigo, nome, id_dept) VALUES (36031147, 'Algoritmos', 97);
INSERT INTO disciplina (codigo, nome, id_dept) VALUES (67682498, 'Banco de Dados', 07);
INSERT INTO disciplina (codigo, nome, id_dept) VALUES (30048698, 'Sistemas Operacionais', 60);
INSERT INTO disciplina (codigo, nome, id_dept) VALUES (19649071, 'Redes de Computadores', 60);
INSERT INTO disciplina (codigo, nome, id_dept) VALUES (82475416, 'Engenharia de Software I', 97);
INSERT INTO disciplina (codigo, nome, id_dept) VALUES (39767662, 'Engenharia de Software II', 30);
INSERT INTO disciplina (codigo, nome, id_dept) VALUES (05478586, 'Inteligência Artificial', 60);
INSERT INTO disciplina (codigo, nome, id_dept) VALUES (41574547, 'Aprendizado de Máquina', 07);
INSERT INTO disciplina (codigo, nome, id_dept) VALUES (26192328, 'Ciência de Dados', 60);
INSERT INTO disciplina (codigo, nome, id_dept) VALUES (17551526, 'Robótica', 07);
INSERT INTO disciplina (codigo, nome, id_dept) VALUES (99492585, 'Análise de Circuitos Elétricos', 60);
INSERT INTO disciplina (codigo, nome, id_dept) VALUES (13033420, 'Eletrônica Analógica', 07);
INSERT INTO disciplina (codigo, nome, id_dept) VALUES (72876574, 'Eletrônica Digital', 30);
INSERT INTO disciplina (codigo, nome, id_dept) VALUES (72713061, 'Sinais e Sistemas', 07);
INSERT INTO disciplina (codigo, nome, id_dept) VALUES (46020229, 'Controle de Sistemas', 07);
INSERT INTO disciplina (codigo, nome, id_dept) VALUES (41350236, 'Fundamentos de Engenharia de Controle', 96);
INSERT INTO disciplina (codigo, nome, id_dept) VALUES (21119652, 'Instrumentação', 96);
INSERT INTO disciplina (codigo, nome, id_dept) VALUES (33879970, 'Mecânica dos Sólidos', 96);
INSERT INTO disciplina (codigo, nome, id_dept) VALUES (00070562, 'Mecânica dos Fluidos', 60);
INSERT INTO disciplina (codigo, nome, id_dept) VALUES (46921820, 'Termodinâmica', 96);
INSERT INTO disciplina (codigo, nome, id_dept) VALUES (13591915, 'Resistência dos Materiais', 97);
INSERT INTO disciplina (codigo, nome, id_dept) VALUES (15061869, 'Materiais de Construção', 07);
INSERT INTO disciplina (codigo, nome, id_dept) VALUES (21460142, 'Gestão de Projetos', 07);
INSERT INTO disciplina (codigo, nome, id_dept) VALUES (66013825, 'Planejamento e Controle da Produção', 97);
INSERT INTO disciplina (codigo, nome, id_dept) VALUES (61270275, 'Logística', 07);
INSERT INTO disciplina (codigo, nome, id_dept) VALUES (79829607, 'Ergonomia', 07);
INSERT INTO disciplina (codigo, nome, id_dept) VALUES (53918602, 'Pesquisa Operacional', 07);
INSERT INTO disciplina (codigo, nome, id_dept) VALUES (63895057, 'Engenharia Econômica', 30);
INSERT INTO disciplina (codigo, nome, id_dept) VALUES (76776617, 'Probabilidade e Estatística', 30);
INSERT INTO disciplina (codigo, nome, id_dept) VALUES (13548741, 'Métodos Numéricos', 97);
INSERT INTO disciplina (codigo, nome, id_dept) VALUES (32717745, 'Hidráulica', 97);
INSERT INTO disciplina (codigo, nome, id_dept) VALUES (56809579, 'Geotecnia', 97);
INSERT INTO disciplina (codigo, nome, id_dept) VALUES (75059811, 'Transportes', 96);
INSERT INTO disciplina (codigo, nome, id_dept) VALUES (31321367, 'Análise Estrutural', 07);
INSERT INTO disciplina (codigo, nome, id_dept) VALUES (56899603, 'Construção Civil', 60);
INSERT INTO disciplina (codigo, nome, id_dept) VALUES (82288050, 'Gestão Ambiental', 97);
INSERT INTO disciplina (codigo, nome, id_dept) VALUES (24563580, 'Toxicologia Ambiental', 96);
INSERT INTO disciplina (codigo, nome, id_dept) VALUES (48003781, 'Recursos Hídricos', 30);
INSERT INTO disciplina (codigo, nome, id_dept) VALUES (11404520, 'Saneamento Básico', 97);
INSERT INTO disciplina (codigo, nome, id_dept) VALUES (74478505, 'Energia e Meio Ambiente', 60);
INSERT INTO disciplina (codigo, nome, id_dept) VALUES (01907748, 'Engenharia de Tráfego', 60);
INSERT INTO disciplina (codigo, nome, id_dept) VALUES (40285768, 'Pavimentação', 30);
INSERT INTO disciplina (codigo, nome, id_dept) VALUES (12460072, 'Estradas', 96);
INSERT INTO disciplina (codigo, nome, id_dept) VALUES (96508821, 'Pontes', 07);
INSERT INTO disciplina (codigo, nome, id_dept) VALUES (79995264, 'Telecomunicações', 07);
INSERT INTO disciplina (codigo, nome, id_dept) VALUES (70237098, 'Teoria Eletromagnética', 97);
INSERT INTO disciplina (codigo, nome, id_dept) VALUES (13738699, 'Processamento de Sinais', 07);
INSERT INTO disciplina (codigo, nome, id_dept) VALUES (68031826, 'Microprocessadores', 07);
INSERT INTO disciplina (codigo, nome, id_dept) VALUES (95930162, 'Sistemas Embarcados', 96);
INSERT INTO disciplina (codigo, nome, id_dept) VALUES (16171057, 'Engenharia de Software para Sistemas Embarcados', 97);
INSERT INTO disciplina (codigo, nome, id_dept) VALUES (38828350, 'Desenvolvimento de Jogos', 30);
INSERT INTO disciplina (codigo, nome, id_dept) VALUES (53892537, 'Computação Gráfica', 60);
INSERT INTO disciplina (codigo, nome, id_dept) VALUES (92637118, 'Realidade Virtual', 30);
INSERT INTO disciplina (codigo, nome, id_dept) VALUES (61988830, 'Big Data', 30);
INSERT INTO disciplina (codigo, nome, id_dept) VALUES (48877337, 'Mineração de Dados', 96);
INSERT INTO disciplina (codigo, nome, id_dept) VALUES (19737997, 'Segurança da Informação', 96);
INSERT INTO disciplina (codigo, nome, id_dept) VALUES (82816622, 'Criptografia', 96);
INSERT INTO disciplina (codigo, nome, id_dept) VALUES (81465604, 'Arquitetura de Computadores', 97);
INSERT INTO disciplina (codigo, nome, id_dept) VALUES (98309571, 'Compiladores', 96);
INSERT INTO disciplina (codigo, nome, id_dept) VALUES (78920977, 'Teoria da Computação', 97);
INSERT INTO disciplina (codigo, nome, id_dept) VALUES (67711680, 'Linguagens de Programação', 96);
INSERT INTO disciplina (codigo, nome, id_dept) VALUES (69375846, 'Interação Humano-Computador', 96);
INSERT INTO disciplina (codigo, nome, id_dept) VALUES (04233389, 'Empreendedorismo', 60);
INSERT INTO disciplina (codigo, nome, id_dept) VALUES (01141078, 'Inovação Tecnológica', 97);
INSERT INTO disciplina (codigo, nome, id_dept) VALUES (50747799, 'Projeto de Engenharia', 60);
INSERT INTO disciplina (codigo, nome, id_dept) VALUES (22342964, 'Simulação de Sistemas', 07);
INSERT INTO disciplina (codigo, nome, id_dept) VALUES (03269082, 'Engenharia de Requisitos', 60);
INSERT INTO disciplina (codigo, nome, id_dept) VALUES (35630293, 'Gestão da Qualidade', 60);
INSERT INTO disciplina (codigo, nome, id_dept) VALUES (89489250, 'Auditoria de Sistemas', 96);
INSERT INTO disciplina (codigo, nome, id_dept) VALUES (72893308, 'Planejamento Urbano', 96);
INSERT INTO disciplina (codigo, nome, id_dept) VALUES (35983430, 'Desenho Técnico', 96);
INSERT INTO disciplina (codigo, nome, id_dept) VALUES (93583535, 'Topografia', 30);
INSERT INTO disciplina (codigo, nome, id_dept) VALUES (62525820, 'Mecânica dos Solos', 07);
INSERT INTO disciplina (codigo, nome, id_dept) VALUES (75805455, 'Geologia de Engenharia', 07);
INSERT INTO disciplina (codigo, nome, id_dept) VALUES (12782161, 'Processos Industriais', 60);
INSERT INTO disciplina (codigo, nome, id_dept) VALUES (86795633, 'Bioengenharia', 07);
INSERT INTO disciplina (codigo, nome, id_dept) VALUES (99177737, 'Biomecânica', 96);
INSERT INTO disciplina (codigo, nome, id_dept) VALUES (36116645, 'Bioinformática', 97);
INSERT INTO disciplina (codigo, nome, id_dept) VALUES (27301672, 'Tecnologia de Alimentos', 30);
INSERT INTO disciplina (codigo, nome, id_dept) VALUES (43263742, 'Engenharia de Alimentos', 07);
INSERT INTO disciplina (codigo, nome, id_dept) VALUES (12027589, 'Processos Químicos', 30);
INSERT INTO disciplina (codigo, nome, id_dept) VALUES (28200045, 'Laboratório de Química', 96);
INSERT INTO disciplina (codigo, nome, id_dept) VALUES (35053452, 'Química Orgânica', 07);
INSERT INTO disciplina (codigo, nome, id_dept) VALUES (48510484, 'Química Inorgânica', 97);
INSERT INTO disciplina (codigo, nome, id_dept) VALUES (44731116, 'Termodinâmica Química', 97);
INSERT INTO disciplina (codigo, nome, id_dept) VALUES (93269605, 'Cálculo Numérico', 60);
INSERT INTO disciplina (codigo, nome, id_dept) VALUES (92217637, 'Matemática Discreta', 30);
INSERT INTO disciplina (codigo, nome, id_dept) VALUES (53699907, 'Teoria dos Grafos', 97);
INSERT INTO disciplina (codigo, nome, id_dept) VALUES (13666445, 'Redes Neurais', 60);
INSERT INTO disciplina (codigo, nome, id_dept) VALUES (46128786, 'Processamento de Imagens', 96);
INSERT INTO disciplina (codigo, nome, id_dept) VALUES (91090234, 'Sistemas Distribuídos', 96);
INSERT INTO disciplina (codigo, nome, id_dept) VALUES (30964869, 'Computação em Nuvem', 97);
INSERT INTO disciplina (codigo, nome, id_dept) VALUES (85929840, 'Internet das Coisas (IoT)', 07);
INSERT INTO disciplina (codigo, nome, id_dept) VALUES (18578016, 'Automação Industrial', 30);
INSERT INTO aluno (ra, nome, id_curso) VALUES (255021889, 'Yago da Luz', 867);
INSERT INTO aluno (ra, nome, id_curso) VALUES (324573237, 'Enzo Ribeiro', 260);
INSERT INTO aluno (ra, nome, id_curso) VALUES (619802041, 'Joana da Cruz', 954);
INSERT INTO aluno (ra, nome, id_curso) VALUES (356004343, 'Luana Fonseca', 369);
INSERT INTO aluno (ra, nome, id_curso) VALUES (158884194, 'João Miguel Novaes', 517);
INSERT INTO aluno (ra, nome, id_curso) VALUES (449234017, 'João Guilherme da Cruz', 123);
INSERT INTO aluno (ra, nome, id_curso) VALUES (160308263, 'Sra. Maria Clara Câmara', 938);
INSERT INTO aluno (ra, nome, id_curso) VALUES (351219328, 'Mariane da Conceição', 260);
INSERT INTO aluno (ra, nome, id_curso) VALUES (848021251, 'Carolina da Conceição', 261);
INSERT INTO aluno (ra, nome, id_curso) VALUES (368124473, 'Lucas Gabriel Sales', 794);
INSERT INTO aluno (ra, nome, id_curso) VALUES (054251501, 'Pedro Lucas Fogaça', 656);
INSERT INTO aluno (ra, nome, id_curso) VALUES (573880709, 'Benjamim Jesus', 074);
INSERT INTO aluno (ra, nome, id_curso) VALUES (914853751, 'Ayla Siqueira', 074);
INSERT INTO aluno (ra, nome, id_curso) VALUES (575069878, 'Dra. Maria Albuquerque', 765);
INSERT INTO aluno (ra, nome, id_curso) VALUES (577701104, 'Maria Sophia Cavalcante', 018);
INSERT INTO aluno (ra, nome, id_curso) VALUES (866732589, 'Ana Beatriz Mendes', 103);
INSERT INTO aluno (ra, nome, id_curso) VALUES (034530791, 'Isabela Pereira', 794);
INSERT INTO aluno (ra, nome, id_curso) VALUES (521082650, 'Ana Júlia Marques', 324);
INSERT INTO aluno (ra, nome, id_curso) VALUES (457085482, 'Miguel Camargo', 123);
INSERT INTO aluno (ra, nome, id_curso) VALUES (247025839, 'João Guilherme Cavalcanti', 517);
INSERT INTO aluno (ra, nome, id_curso) VALUES (666257148, 'Francisco Freitas', 077);
INSERT INTO aluno (ra, nome, id_curso) VALUES (245583563, 'João Guilherme Vargas', 381);
INSERT INTO aluno (ra, nome, id_curso) VALUES (722755839, 'Dra. Esther Câmara', 157);
INSERT INTO aluno (ra, nome, id_curso) VALUES (151130501, 'Bernardo Cavalcante', 954);
INSERT INTO aluno (ra, nome, id_curso) VALUES (870134473, 'Sr. Diego Andrade', 077);
INSERT INTO aluno (ra, nome, id_curso) VALUES (100767563, 'Milena Rocha', 123);
INSERT INTO aluno (ra, nome, id_curso) VALUES (950117833, 'Ravi Lucca Duarte', 260);
INSERT INTO aluno (ra, nome, id_curso) VALUES (311141408, 'Dra. Maria Flor da Luz', 765);
INSERT INTO aluno (ra, nome, id_curso) VALUES (943951552, 'Lucca da Mota', 508);
INSERT INTO aluno (ra, nome, id_curso) VALUES (428561898, 'Júlia Castro', 157);
INSERT INTO aluno (ra, nome, id_curso) VALUES (553425515, 'Ryan Leão', 074);
INSERT INTO aluno (ra, nome, id_curso) VALUES (736416746, 'Srta. Maria Flor Azevedo', 641);
INSERT INTO aluno (ra, nome, id_curso) VALUES (550887077, 'Letícia da Costa', 157);
INSERT INTO aluno (ra, nome, id_curso) VALUES (137641505, 'Sr. Rafael Borges', 773);
INSERT INTO aluno (ra, nome, id_curso) VALUES (176828294, 'Srta. Rafaela Aparecida', 103);
INSERT INTO aluno (ra, nome, id_curso) VALUES (042196867, 'Giovanna Rezende', 650);
INSERT INTO aluno (ra, nome, id_curso) VALUES (685667672, 'Catarina Pinto', 502);
INSERT INTO aluno (ra, nome, id_curso) VALUES (248576916, 'Arthur Miguel Montenegro', 369);
INSERT INTO aluno (ra, nome, id_curso) VALUES (481869251, 'Letícia Pires', 938);
INSERT INTO aluno (ra, nome, id_curso) VALUES (824159780, 'Leonardo Moura', 018);
INSERT INTO aluno (ra, nome, id_curso) VALUES (465799999, 'Alícia Martins', 157);
INSERT INTO aluno (ra, nome, id_curso) VALUES (864326152, 'Brenda Ribeiro', 954);
INSERT INTO aluno (ra, nome, id_curso) VALUES (582028381, 'Diogo Jesus', 787);
INSERT INTO aluno (ra, nome, id_curso) VALUES (478204841, 'Benicio Casa Grande', 018);
INSERT INTO aluno (ra, nome, id_curso) VALUES (880451764, 'Augusto Gomes', 157);
INSERT INTO aluno (ra, nome, id_curso) VALUES (444650520, 'Sra. Ana Júlia Ribeiro', 773);
INSERT INTO aluno (ra, nome, id_curso) VALUES (604214638, 'Sofia Nascimento', 157);
INSERT INTO aluno (ra, nome, id_curso) VALUES (644370168, 'Srta. Mirella Vargas', 157);
INSERT INTO aluno (ra, nome, id_curso) VALUES (342721509, 'Luiz Miguel Camargo', 656);
INSERT INTO aluno (ra, nome, id_curso) VALUES (633708595, 'Melina da Cunha', 787);
INSERT INTO aluno (ra, nome, id_curso) VALUES (551798198, 'Henrique Novaes', 787);
INSERT INTO aluno (ra, nome, id_curso) VALUES (791604978, 'Vinicius Siqueira', 276);
INSERT INTO aluno (ra, nome, id_curso) VALUES (239790405, 'Matteo Pereira', 260);
INSERT INTO aluno (ra, nome, id_curso) VALUES (482101150, 'Juan Farias', 641);
INSERT INTO aluno (ra, nome, id_curso) VALUES (799161828, 'Maria Flor Gonçalves', 641);
INSERT INTO aluno (ra, nome, id_curso) VALUES (827757950, 'Dra. Emanuelly da Costa', 517);
INSERT INTO aluno (ra, nome, id_curso) VALUES (817769576, 'Juan Moreira', 157);
INSERT INTO aluno (ra, nome, id_curso) VALUES (399901853, 'Emilly Abreu', 508);
INSERT INTO aluno (ra, nome, id_curso) VALUES (505560564, 'Ester Campos', 766);
INSERT INTO aluno (ra, nome, id_curso) VALUES (008412257, 'Ravi Lucca Carvalho', 074);
INSERT INTO aluno (ra, nome, id_curso) VALUES (762084860, 'Maria Luiza Almeida', 650);
INSERT INTO aluno (ra, nome, id_curso) VALUES (180599490, 'Apollo Santos', 766);
INSERT INTO aluno (ra, nome, id_curso) VALUES (628259162, 'Sofia Rodrigues', 502);
INSERT INTO aluno (ra, nome, id_curso) VALUES (930685475, 'Gabrielly Fogaça', 381);
INSERT INTO aluno (ra, nome, id_curso) VALUES (159459569, 'Alexia Garcia', 656);
INSERT INTO aluno (ra, nome, id_curso) VALUES (274954775, 'Paulo Fernandes', 517);
INSERT INTO aluno (ra, nome, id_curso) VALUES (889610747, 'Ana Cecília Cavalcanti', 103);
INSERT INTO aluno (ra, nome, id_curso) VALUES (263792258, 'Olívia Novaes', 650);
INSERT INTO aluno (ra, nome, id_curso) VALUES (960416137, 'Sr. Noah Correia', 508);
INSERT INTO aluno (ra, nome, id_curso) VALUES (641545565, 'Sr. José Miguel Castro', 517);
INSERT INTO aluno (ra, nome, id_curso) VALUES (179053150, 'Sr. Enzo Fernandes', 938);
INSERT INTO aluno (ra, nome, id_curso) VALUES (617294569, 'Alexia Garcia', 535);
INSERT INTO aluno (ra, nome, id_curso) VALUES (958523888, 'Gael Henrique da Costa', 508);
INSERT INTO aluno (ra, nome, id_curso) VALUES (818509521, 'Evelyn Lopes', 954);
INSERT INTO aluno (ra, nome, id_curso) VALUES (279365313, 'Clarice Silveira', 954);
INSERT INTO aluno (ra, nome, id_curso) VALUES (993832687, 'Dr. Arthur Miguel da Rosa', 867);
INSERT INTO aluno (ra, nome, id_curso) VALUES (876606520, 'Dr. Eduardo Guerra', 123);
INSERT INTO aluno (ra, nome, id_curso) VALUES (496180500, 'Marcela Brito', 938);
INSERT INTO aluno (ra, nome, id_curso) VALUES (494719562, 'Ana Luiza da Mota', 766);
INSERT INTO aluno (ra, nome, id_curso) VALUES (432373275, 'Dr. Otto Dias', 103);
INSERT INTO aluno (ra, nome, id_curso) VALUES (528502488, 'Sr. Henry Gabriel Machado', 867);
INSERT INTO aluno (ra, nome, id_curso) VALUES (950658517, 'Heitor Freitas', 517);
INSERT INTO aluno (ra, nome, id_curso) VALUES (407779144, 'Matheus Silveira', 773);
INSERT INTO aluno (ra, nome, id_curso) VALUES (440991444, 'Yan Alves', 103);
INSERT INTO aluno (ra, nome, id_curso) VALUES (643688103, 'Gustavo Henrique Fogaça', 261);
INSERT INTO aluno (ra, nome, id_curso) VALUES (327881245, 'Thiago Nunes', 938);
INSERT INTO aluno (ra, nome, id_curso) VALUES (111802836, 'Brenda Pereira', 650);
INSERT INTO aluno (ra, nome, id_curso) VALUES (148970376, 'Alana Carvalho', 260);
INSERT INTO aluno (ra, nome, id_curso) VALUES (254216367, 'José Moraes', 517);
INSERT INTO aluno (ra, nome, id_curso) VALUES (597911513, 'Maria Leão', 656);
INSERT INTO aluno (ra, nome, id_curso) VALUES (420050301, 'Caroline Andrade', 123);
INSERT INTO aluno (ra, nome, id_curso) VALUES (702304414, 'Bento Vargas', 157);
INSERT INTO aluno (ra, nome, id_curso) VALUES (870608447, 'Srta. Melissa Silva', 517);
INSERT INTO aluno (ra, nome, id_curso) VALUES (062130665, 'Sra. Helena da Rocha', 103);
INSERT INTO aluno (ra, nome, id_curso) VALUES (227283872, 'Dr. Enzo Gabriel Castro', 502);
INSERT INTO aluno (ra, nome, id_curso) VALUES (231998352, 'Cecília Araújo', 018);
INSERT INTO aluno (ra, nome, id_curso) VALUES (721451920, 'Srta. Natália Lima', 659);
INSERT INTO aluno (ra, nome, id_curso) VALUES (505090802, 'João Vitor Moura', 787);
INSERT INTO aluno (ra, nome, id_curso) VALUES (182552490, 'Isabel Rocha', 794);
INSERT INTO aluno (ra, nome, id_curso) VALUES (162641178, 'Davi Lucas Cardoso', 077);
INSERT INTO aluno (ra, nome, id_curso) VALUES (183492376, 'Murilo Carvalho', 074);
INSERT INTO aluno (ra, nome, id_curso) VALUES (796819798, 'Dr. Felipe Pimenta', 502);
INSERT INTO aluno (ra, nome, id_curso) VALUES (718569041, 'Clara Oliveira', 765);
INSERT INTO aluno (ra, nome, id_curso) VALUES (490760800, 'José Pedro Freitas', 867);
INSERT INTO aluno (ra, nome, id_curso) VALUES (575718266, 'Yago Mendes', 276);
INSERT INTO aluno (ra, nome, id_curso) VALUES (673726853, 'Olivia Pimenta', 324);
INSERT INTO aluno (ra, nome, id_curso) VALUES (467541531, 'Sra. Heloísa da Cunha', 794);
INSERT INTO aluno (ra, nome, id_curso) VALUES (792452038, 'Pietro da Luz', 659);
INSERT INTO aluno (ra, nome, id_curso) VALUES (928594596, 'Stephany Rodrigues', 517);
INSERT INTO aluno (ra, nome, id_curso) VALUES (422064416, 'Nina Santos', 535);
INSERT INTO aluno (ra, nome, id_curso) VALUES (124805404, 'Mirella Câmara', 517);
INSERT INTO aluno (ra, nome, id_curso) VALUES (446594472, 'Ayla Farias', 517);
INSERT INTO aluno (ra, nome, id_curso) VALUES (383699101, 'Renan Rios', 123);
INSERT INTO aluno (ra, nome, id_curso) VALUES (615665051, 'Sr. Samuel Caldeira', 276);
INSERT INTO aluno (ra, nome, id_curso) VALUES (004813397, 'Pedro Lucas Cavalcanti', 077);
INSERT INTO aluno (ra, nome, id_curso) VALUES (405839795, 'Fernanda Sá', 954);
INSERT INTO aluno (ra, nome, id_curso) VALUES (739081034, 'Mariane Garcia', 077);
INSERT INTO aluno (ra, nome, id_curso) VALUES (170328667, 'Olívia Farias', 766);
INSERT INTO aluno (ra, nome, id_curso) VALUES (166651719, 'Ana Sophia da Costa', 077);
INSERT INTO aluno (ra, nome, id_curso) VALUES (388138815, 'Rhavi Macedo', 766);
INSERT INTO aluno (ra, nome, id_curso) VALUES (729112372, 'Davi Miguel Lopes', 535);
INSERT INTO aluno (ra, nome, id_curso) VALUES (895420128, 'Sra. Maria Sophia Cassiano', 508);
INSERT INTO aluno (ra, nome, id_curso) VALUES (087548494, 'Hadassa da Luz', 508);
INSERT INTO aluno (ra, nome, id_curso) VALUES (185855147, 'Luan Garcia', 766);
INSERT INTO aluno (ra, nome, id_curso) VALUES (669544842, 'Lunna Cavalcante', 123);
INSERT INTO aluno (ra, nome, id_curso) VALUES (729632533, 'Apollo Moreira', 381);
INSERT INTO aluno (ra, nome, id_curso) VALUES (172895591, 'Benício da Mota', 794);
INSERT INTO aluno (ra, nome, id_curso) VALUES (438223570, 'Sra. Yasmin Teixeira', 157);
INSERT INTO aluno (ra, nome, id_curso) VALUES (678071665, 'André Fogaça', 261);
INSERT INTO aluno (ra, nome, id_curso) VALUES (237457001, 'Luigi Pereira', 157);
INSERT INTO aluno (ra, nome, id_curso) VALUES (207285315, 'Melissa Borges', 508);
INSERT INTO aluno (ra, nome, id_curso) VALUES (418975213, 'Léo Montenegro', 261);
INSERT INTO aluno (ra, nome, id_curso) VALUES (079278931, 'Nicolas Freitas', 787);
INSERT INTO aluno (ra, nome, id_curso) VALUES (082632116, 'Enrico Vieira', 765);
INSERT INTO aluno (ra, nome, id_curso) VALUES (869003046, 'Thomas Rocha', 535);
INSERT INTO aluno (ra, nome, id_curso) VALUES (603840230, 'Oliver Ferreira', 938);
INSERT INTO aluno (ra, nome, id_curso) VALUES (398302550, 'Luiz Otávio Cavalcante', 074);
INSERT INTO aluno (ra, nome, id_curso) VALUES (137977091, 'Maria Cecília Vargas', 074);
INSERT INTO aluno (ra, nome, id_curso) VALUES (830666651, 'Juliana Azevedo', 535);
INSERT INTO aluno (ra, nome, id_curso) VALUES (041682967, 'José Vasconcelos', 787);
INSERT INTO aluno (ra, nome, id_curso) VALUES (267169562, 'Elisa Moreira', 018);
INSERT INTO aluno (ra, nome, id_curso) VALUES (699818743, 'Esther Porto', 369);
INSERT INTO aluno (ra, nome, id_curso) VALUES (083125630, 'Lucas Gabriel Borges', 659);
INSERT INTO aluno (ra, nome, id_curso) VALUES (045242076, 'Emanuella Silva', 508);
INSERT INTO aluno (ra, nome, id_curso) VALUES (497844059, 'Pedro Henrique Macedo', 260);
INSERT INTO aluno (ra, nome, id_curso) VALUES (278517929, 'Asafe da Paz', 641);
INSERT INTO aluno (ra, nome, id_curso) VALUES (289175821, 'Ryan Nunes', 787);
INSERT INTO aluno (ra, nome, id_curso) VALUES (350741432, 'Caroline Gonçalves', 502);
INSERT INTO aluno (ra, nome, id_curso) VALUES (938681406, 'Mateus Barbosa', 276);
INSERT INTO aluno (ra, nome, id_curso) VALUES (803059933, 'Emanuel Barbosa', 650);
INSERT INTO aluno (ra, nome, id_curso) VALUES (517964987, 'Erick Nunes', 765);
INSERT INTO aluno (ra, nome, id_curso) VALUES (737486462, 'João Nascimento', 656);
INSERT INTO aluno (ra, nome, id_curso) VALUES (244621736, 'Benjamin Viana', 103);
INSERT INTO aluno (ra, nome, id_curso) VALUES (960282550, 'Mathias Alves', 766);
INSERT INTO aluno (ra, nome, id_curso) VALUES (976494446, 'Ravi Lucca Pires', 018);
INSERT INTO aluno (ra, nome, id_curso) VALUES (363711085, 'Sra. Melina Nascimento', 381);
INSERT INTO aluno (ra, nome, id_curso) VALUES (732516746, 'Amanda Rodrigues', 077);
INSERT INTO aluno (ra, nome, id_curso) VALUES (523457040, 'Sr. Noah Aparecida', 324);
INSERT INTO aluno (ra, nome, id_curso) VALUES (477082749, 'Ana Laura Jesus', 650);
INSERT INTO aluno (ra, nome, id_curso) VALUES (362165289, 'Alícia Campos', 765);
INSERT INTO aluno (ra, nome, id_curso) VALUES (624486569, 'Isaac Sousa', 074);
INSERT INTO aluno (ra, nome, id_curso) VALUES (994550884, 'Hadassa Viana', 123);
INSERT INTO aluno (ra, nome, id_curso) VALUES (788679146, 'Luara Costa', 508);
INSERT INTO aluno (ra, nome, id_curso) VALUES (125747207, 'Sra. Esther Porto', 018);
INSERT INTO aluno (ra, nome, id_curso) VALUES (623688758, 'Antônio Andrade', 261);
INSERT INTO aluno (ra, nome, id_curso) VALUES (599644222, 'Melissa Leão', 867);
INSERT INTO aluno (ra, nome, id_curso) VALUES (351243916, 'Caleb Mendes', 324);
INSERT INTO aluno (ra, nome, id_curso) VALUES (303266667, 'Maysa Cunha', 260);
INSERT INTO aluno (ra, nome, id_curso) VALUES (781032792, 'Valentina Abreu', 018);
INSERT INTO aluno (ra, nome, id_curso) VALUES (203791296, 'Dra. Maria Eduarda Silva', 103);
INSERT INTO aluno (ra, nome, id_curso) VALUES (913417769, 'Matteo Gonçalves', 867);
INSERT INTO aluno (ra, nome, id_curso) VALUES (924766081, 'Júlia Câmara', 659);
INSERT INTO aluno (ra, nome, id_curso) VALUES (848650601, 'João Felipe da Cruz', 157);
INSERT INTO aluno (ra, nome, id_curso) VALUES (410771293, 'Dra. Agatha Pires', 659);
INSERT INTO aluno (ra, nome, id_curso) VALUES (288847576, 'Theo Mendes', 535);
INSERT INTO aluno (ra, nome, id_curso) VALUES (416424819, 'Ana Clara Gonçalves', 773);
INSERT INTO aluno (ra, nome, id_curso) VALUES (032603053, 'Pedro Miguel Siqueira', 508);
INSERT INTO aluno (ra, nome, id_curso) VALUES (138901421, 'Ísis Aparecida', 123);
INSERT INTO aluno (ra, nome, id_curso) VALUES (306111707, 'Gabriel Peixoto', 103);
INSERT INTO aluno (ra, nome, id_curso) VALUES (523481512, 'Joaquim Abreu', 787);
INSERT INTO aluno (ra, nome, id_curso) VALUES (958134209, 'Julia Azevedo', 381);
INSERT INTO aluno (ra, nome, id_curso) VALUES (777464082, 'Sra. Beatriz Correia', 656);
INSERT INTO aluno (ra, nome, id_curso) VALUES (552781504, 'Dr. Rodrigo Mendes', 659);
INSERT INTO aluno (ra, nome, id_curso) VALUES (974804444, 'Emanuel da Cruz', 535);
INSERT INTO aluno (ra, nome, id_curso) VALUES (696503224, 'Dra. Bruna da Luz', 123);
INSERT INTO aluno (ra, nome, id_curso) VALUES (982396975, 'Alana da Mota', 508);
INSERT INTO aluno (ra, nome, id_curso) VALUES (047669478, 'Theo Rezende', 077);
INSERT INTO aluno (ra, nome, id_curso) VALUES (675600041, 'Juliana da Luz', 508);
INSERT INTO aluno (ra, nome, id_curso) VALUES (109775981, 'Antônio Garcia', 656);
INSERT INTO aluno (ra, nome, id_curso) VALUES (085946980, 'Oliver Camargo', 077);
INSERT INTO aluno (ra, nome, id_curso) VALUES (316461692, 'Marcelo Gomes', 517);
INSERT INTO aluno (ra, nome, id_curso) VALUES (378649602, 'Ester Costa', 641);
INSERT INTO aluno (ra, nome, id_curso) VALUES (243832804, 'Ana Vieira', 508);
INSERT INTO aluno (ra, nome, id_curso) VALUES (622505854, 'Gabriel Aparecida', 018);
INSERT INTO aluno (ra, nome, id_curso) VALUES (050465241, 'Srta. Luana Leão', 535);
INSERT INTO aluno (ra, nome, id_curso) VALUES (218756398, 'Dra. Sophia Souza', 787);
INSERT INTO aluno (ra, nome, id_curso) VALUES (415514118, 'Sr. Francisco Ferreira', 077);
INSERT INTO aluno (ra, nome, id_curso) VALUES (595812739, 'Thales Nascimento', 766);
INSERT INTO aluno (ra, nome, id_curso) VALUES (385765550, 'Benicio Andrade', 276);
INSERT INTO aluno (ra, nome, id_curso) VALUES (674506776, 'Isis Araújo', 381);
INSERT INTO matriz_curricular (id_curso, id_disc, semestre) VALUES (938, 93269605, 1);
INSERT INTO matriz_curricular (id_curso, id_disc, semestre) VALUES (938, 36031147, 1);
INSERT INTO matriz_curricular (id_curso, id_disc, semestre) VALUES (938, 89489250, 1);
INSERT INTO matriz_curricular (id_curso, id_disc, semestre) VALUES (938, 40285768, 1);
INSERT INTO matriz_curricular (id_curso, id_disc, semestre) VALUES (938, 00070562, 1);
INSERT INTO matriz_curricular (id_curso, id_disc, semestre) VALUES (650, 92637118, 2);
INSERT INTO matriz_curricular (id_curso, id_disc, semestre) VALUES (650, 93269605, 2);
INSERT INTO matriz_curricular (id_curso, id_disc, semestre) VALUES (650, 13591915, 2);
INSERT INTO matriz_curricular (id_curso, id_disc, semestre) VALUES (650, 56899603, 2);
INSERT INTO matriz_curricular (id_curso, id_disc, semestre) VALUES (650, 04233389, 2);
INSERT INTO matriz_curricular (id_curso, id_disc, semestre) VALUES (381, 51688452, 3);
INSERT INTO matriz_curricular (id_curso, id_disc, semestre) VALUES (381, 16171057, 3);
INSERT INTO matriz_curricular (id_curso, id_disc, semestre) VALUES (381, 69375846, 3);
INSERT INTO matriz_curricular (id_curso, id_disc, semestre) VALUES (381, 38828350, 3);
INSERT INTO matriz_curricular (id_curso, id_disc, semestre) VALUES (381, 46128786, 3);
INSERT INTO matriz_curricular (id_curso, id_disc, semestre) VALUES (773, 13666445, 4);
INSERT INTO matriz_curricular (id_curso, id_disc, semestre) VALUES (773, 13738699, 4);
INSERT INTO matriz_curricular (id_curso, id_disc, semestre) VALUES (773, 04233389, 4);
INSERT INTO matriz_curricular (id_curso, id_disc, semestre) VALUES (773, 53699907, 4);
INSERT INTO matriz_curricular (id_curso, id_disc, semestre) VALUES (773, 82288050, 4);
INSERT INTO matriz_curricular (id_curso, id_disc, semestre) VALUES (074, 76776617, 5);
INSERT INTO matriz_curricular (id_curso, id_disc, semestre) VALUES (074, 78920977, 5);
INSERT INTO matriz_curricular (id_curso, id_disc, semestre) VALUES (074, 99177737, 5);
INSERT INTO matriz_curricular (id_curso, id_disc, semestre) VALUES (074, 63895057, 5);
INSERT INTO matriz_curricular (id_curso, id_disc, semestre) VALUES (074, 53892537, 5);
INSERT INTO matriz_curricular (id_curso, id_disc, semestre) VALUES (641, 93583535, 6);
INSERT INTO matriz_curricular (id_curso, id_disc, semestre) VALUES (641, 30964869, 6);
INSERT INTO matriz_curricular (id_curso, id_disc, semestre) VALUES (641, 82288050, 6);
INSERT INTO matriz_curricular (id_curso, id_disc, semestre) VALUES (641, 01907748, 6);
INSERT INTO matriz_curricular (id_curso, id_disc, semestre) VALUES (641, 53918602, 6);
INSERT INTO matriz_curricular (id_curso, id_disc, semestre) VALUES (535, 11404520, 7);
INSERT INTO matriz_curricular (id_curso, id_disc, semestre) VALUES (535, 12782161, 7);
INSERT INTO matriz_curricular (id_curso, id_disc, semestre) VALUES (535, 99492585, 7);
INSERT INTO matriz_curricular (id_curso, id_disc, semestre) VALUES (535, 99492585, 7);
INSERT INTO matriz_curricular (id_curso, id_disc, semestre) VALUES (535, 41350236, 7);
INSERT INTO matriz_curricular (id_curso, id_disc, semestre) VALUES (261, 75805455, 8);
INSERT INTO matriz_curricular (id_curso, id_disc, semestre) VALUES (261, 24563580, 8);
INSERT INTO matriz_curricular (id_curso, id_disc, semestre) VALUES (261, 75805455, 8);
INSERT INTO matriz_curricular (id_curso, id_disc, semestre) VALUES (261, 32717745, 8);
INSERT INTO matriz_curricular (id_curso, id_disc, semestre) VALUES (261, 79995264, 8);
INSERT INTO matriz_curricular (id_curso, id_disc, semestre) VALUES (157, 21119652, 1);
INSERT INTO matriz_curricular (id_curso, id_disc, semestre) VALUES (157, 82816622, 1);
INSERT INTO matriz_curricular (id_curso, id_disc, semestre) VALUES (157, 11404520, 1);
INSERT INTO matriz_curricular (id_curso, id_disc, semestre) VALUES (157, 33879970, 1);
INSERT INTO matriz_curricular (id_curso, id_disc, semestre) VALUES (157, 74478505, 1);
INSERT INTO matriz_curricular (id_curso, id_disc, semestre) VALUES (787, 44731116, 2);
INSERT INTO matriz_curricular (id_curso, id_disc, semestre) VALUES (787, 99873341, 2);
INSERT INTO matriz_curricular (id_curso, id_disc, semestre) VALUES (787, 17360588, 2);
INSERT INTO matriz_curricular (id_curso, id_disc, semestre) VALUES (787, 92217637, 2);
INSERT INTO matriz_curricular (id_curso, id_disc, semestre) VALUES (787, 21119652, 2);
INSERT INTO matriz_curricular (id_curso, id_disc, semestre) VALUES (369, 24563580, 3);
INSERT INTO matriz_curricular (id_curso, id_disc, semestre) VALUES (369, 46921820, 3);
INSERT INTO matriz_curricular (id_curso, id_disc, semestre) VALUES (369, 95930162, 3);
INSERT INTO matriz_curricular (id_curso, id_disc, semestre) VALUES (369, 28200045, 3);
INSERT INTO matriz_curricular (id_curso, id_disc, semestre) VALUES (369, 35630293, 3);
INSERT INTO matriz_curricular (id_curso, id_disc, semestre) VALUES (656, 21119652, 4);
INSERT INTO matriz_curricular (id_curso, id_disc, semestre) VALUES (656, 75805455, 4);
INSERT INTO matriz_curricular (id_curso, id_disc, semestre) VALUES (656, 82475416, 4);
INSERT INTO matriz_curricular (id_curso, id_disc, semestre) VALUES (656, 36031147, 4);
INSERT INTO matriz_curricular (id_curso, id_disc, semestre) VALUES (656, 72876574, 4);
INSERT INTO matriz_curricular (id_curso, id_disc, semestre) VALUES (766, 75059811, 5);
INSERT INTO matriz_curricular (id_curso, id_disc, semestre) VALUES (766, 39767662, 5);
INSERT INTO matriz_curricular (id_curso, id_disc, semestre) VALUES (766, 22342964, 5);
INSERT INTO matriz_curricular (id_curso, id_disc, semestre) VALUES (766, 05478586, 5);
INSERT INTO matriz_curricular (id_curso, id_disc, semestre) VALUES (766, 50747799, 5);
INSERT INTO matriz_curricular (id_curso, id_disc, semestre) VALUES (765, 78920977, 6);
INSERT INTO matriz_curricular (id_curso, id_disc, semestre) VALUES (765, 61988830, 6);
INSERT INTO matriz_curricular (id_curso, id_disc, semestre) VALUES (765, 38828350, 6);
INSERT INTO matriz_curricular (id_curso, id_disc, semestre) VALUES (765, 13738699, 6);
INSERT INTO matriz_curricular (id_curso, id_disc, semestre) VALUES (765, 70237098, 6);
INSERT INTO matriz_curricular (id_curso, id_disc, semestre) VALUES (123, 30964869, 7);
INSERT INTO matriz_curricular (id_curso, id_disc, semestre) VALUES (123, 69375846, 7);
INSERT INTO matriz_curricular (id_curso, id_disc, semestre) VALUES (123, 32717745, 7);
INSERT INTO matriz_curricular (id_curso, id_disc, semestre) VALUES (123, 80590634, 7);
INSERT INTO matriz_curricular (id_curso, id_disc, semestre) VALUES (123, 99492585, 7);
INSERT INTO matriz_curricular (id_curso, id_disc, semestre) VALUES (077, 19737997, 8);
INSERT INTO matriz_curricular (id_curso, id_disc, semestre) VALUES (077, 11404520, 8);
INSERT INTO matriz_curricular (id_curso, id_disc, semestre) VALUES (077, 56899603, 8);
INSERT INTO matriz_curricular (id_curso, id_disc, semestre) VALUES (077, 19649071, 8);
INSERT INTO matriz_curricular (id_curso, id_disc, semestre) VALUES (077, 26192328, 8);
INSERT INTO matriz_curricular (id_curso, id_disc, semestre) VALUES (324, 17360588, 1);
INSERT INTO matriz_curricular (id_curso, id_disc, semestre) VALUES (324, 31835137, 1);
INSERT INTO matriz_curricular (id_curso, id_disc, semestre) VALUES (324, 53699907, 1);
INSERT INTO matriz_curricular (id_curso, id_disc, semestre) VALUES (324, 86795633, 1);
INSERT INTO matriz_curricular (id_curso, id_disc, semestre) VALUES (324, 21119652, 1);
INSERT INTO matriz_curricular (id_curso, id_disc, semestre) VALUES (517, 85929840, 2);
INSERT INTO matriz_curricular (id_curso, id_disc, semestre) VALUES (517, 78920977, 2);
INSERT INTO matriz_curricular (id_curso, id_disc, semestre) VALUES (517, 76776617, 2);
INSERT INTO matriz_curricular (id_curso, id_disc, semestre) VALUES (517, 21119652, 2);
INSERT INTO matriz_curricular (id_curso, id_disc, semestre) VALUES (517, 78920977, 2);
INSERT INTO matriz_curricular (id_curso, id_disc, semestre) VALUES (954, 36031147, 3);
INSERT INTO matriz_curricular (id_curso, id_disc, semestre) VALUES (954, 46020229, 3);
INSERT INTO matriz_curricular (id_curso, id_disc, semestre) VALUES (954, 82475416, 3);
INSERT INTO matriz_curricular (id_curso, id_disc, semestre) VALUES (954, 93269605, 3);
INSERT INTO matriz_curricular (id_curso, id_disc, semestre) VALUES (954, 00070562, 3);
INSERT INTO matriz_curricular (id_curso, id_disc, semestre) VALUES (794, 88144991, 4);
INSERT INTO matriz_curricular (id_curso, id_disc, semestre) VALUES (794, 46128786, 4);
INSERT INTO matriz_curricular (id_curso, id_disc, semestre) VALUES (794, 99177737, 4);
INSERT INTO matriz_curricular (id_curso, id_disc, semestre) VALUES (794, 35630293, 4);
INSERT INTO matriz_curricular (id_curso, id_disc, semestre) VALUES (794, 17551526, 4);
INSERT INTO matriz_curricular (id_curso, id_disc, semestre) VALUES (659, 53699907, 5);
INSERT INTO matriz_curricular (id_curso, id_disc, semestre) VALUES (659, 35053452, 5);
INSERT INTO matriz_curricular (id_curso, id_disc, semestre) VALUES (659, 48510484, 5);
INSERT INTO matriz_curricular (id_curso, id_disc, semestre) VALUES (659, 48877337, 5);
INSERT INTO matriz_curricular (id_curso, id_disc, semestre) VALUES (659, 72876574, 5);
INSERT INTO matriz_curricular (id_curso, id_disc, semestre) VALUES (502, 56899603, 6);
INSERT INTO matriz_curricular (id_curso, id_disc, semestre) VALUES (502, 41574547, 6);
INSERT INTO matriz_curricular (id_curso, id_disc, semestre) VALUES (502, 50747799, 6);
INSERT INTO matriz_curricular (id_curso, id_disc, semestre) VALUES (502, 82288050, 6);
INSERT INTO matriz_curricular (id_curso, id_disc, semestre) VALUES (502, 72876574, 6);
INSERT INTO matriz_curricular (id_curso, id_disc, semestre) VALUES (276, 46921820, 7);
INSERT INTO matriz_curricular (id_curso, id_disc, semestre) VALUES (276, 53892537, 7);
INSERT INTO matriz_curricular (id_curso, id_disc, semestre) VALUES (276, 44731116, 7);
INSERT INTO matriz_curricular (id_curso, id_disc, semestre) VALUES (276, 88144991, 7);
INSERT INTO matriz_curricular (id_curso, id_disc, semestre) VALUES (276, 38828350, 7);
INSERT INTO matriz_curricular (id_curso, id_disc, semestre) VALUES (018, 82816622, 8);
INSERT INTO matriz_curricular (id_curso, id_disc, semestre) VALUES (018, 27389421, 8);
INSERT INTO matriz_curricular (id_curso, id_disc, semestre) VALUES (018, 48877337, 8);
INSERT INTO matriz_curricular (id_curso, id_disc, semestre) VALUES (018, 08074481, 8);
INSERT INTO matriz_curricular (id_curso, id_disc, semestre) VALUES (018, 70237098, 8);
INSERT INTO matriz_curricular (id_curso, id_disc, semestre) VALUES (260, 93269605, 1);
INSERT INTO matriz_curricular (id_curso, id_disc, semestre) VALUES (260, 36116645, 1);
INSERT INTO matriz_curricular (id_curso, id_disc, semestre) VALUES (260, 78920977, 1);
INSERT INTO matriz_curricular (id_curso, id_disc, semestre) VALUES (260, 50747799, 1);
INSERT INTO matriz_curricular (id_curso, id_disc, semestre) VALUES (260, 30048698, 1);
INSERT INTO matriz_curricular (id_curso, id_disc, semestre) VALUES (867, 41574547, 2);
INSERT INTO matriz_curricular (id_curso, id_disc, semestre) VALUES (867, 53918602, 2);
INSERT INTO matriz_curricular (id_curso, id_disc, semestre) VALUES (867, 80590634, 2);
INSERT INTO matriz_curricular (id_curso, id_disc, semestre) VALUES (867, 72893308, 2);
INSERT INTO matriz_curricular (id_curso, id_disc, semestre) VALUES (867, 35630293, 2);
INSERT INTO matriz_curricular (id_curso, id_disc, semestre) VALUES (103, 17551526, 3);
INSERT INTO matriz_curricular (id_curso, id_disc, semestre) VALUES (103, 12782161, 3);
INSERT INTO matriz_curricular (id_curso, id_disc, semestre) VALUES (103, 12460072, 3);
INSERT INTO matriz_curricular (id_curso, id_disc, semestre) VALUES (103, 13666445, 3);
INSERT INTO matriz_curricular (id_curso, id_disc, semestre) VALUES (103, 56809579, 3);
INSERT INTO matriz_curricular (id_curso, id_disc, semestre) VALUES (508, 31321367, 4);
INSERT INTO matriz_curricular (id_curso, id_disc, semestre) VALUES (508, 19649071, 4);
INSERT INTO matriz_curricular (id_curso, id_disc, semestre) VALUES (508, 82816622, 4);
INSERT INTO matriz_curricular (id_curso, id_disc, semestre) VALUES (508, 86795633, 4);
INSERT INTO matriz_curricular (id_curso, id_disc, semestre) VALUES (508, 75059811, 4);
INSERT INTO historico_escolar (id_aluno, cod_disc, semestre, ano, nota) VALUES (255021889, 35630293, 3, 2019, 0);
INSERT INTO historico_escolar (id_aluno, cod_disc, semestre, ano, nota) VALUES (255021889, 35630293, 1, 2018, 2);
INSERT INTO historico_escolar (id_aluno, cod_disc, semestre, ano, nota) VALUES (255021889, 56809579, 3, 2019, 1);
INSERT INTO historico_escolar (id_aluno, cod_disc, semestre, ano, nota) VALUES (255021889, 75059811, 6, 2021, 9);
INSERT INTO historico_escolar (id_aluno, cod_disc, semestre, ano, nota) VALUES (255021889, 35630293, 7, 2022, 9);
INSERT INTO historico_escolar (id_aluno, cod_disc, semestre, ano, nota) VALUES (255021889, 35630293, 7, 2022, 5);
INSERT INTO historico_escolar (id_aluno, cod_disc, semestre, ano, nota) VALUES (324573237, 72876574, 5, 2021, 7);
INSERT INTO historico_escolar (id_aluno, cod_disc, semestre, ano, nota) VALUES (324573237, 35630293, 6, 2021, 6);
INSERT INTO historico_escolar (id_aluno, cod_disc, semestre, ano, nota) VALUES (324573237, 38828350, 3, 2019, 3);
INSERT INTO historico_escolar (id_aluno, cod_disc, semestre, ano, nota) VALUES (324573237, 70237098, 3, 2019, 5);
INSERT INTO historico_escolar (id_aluno, cod_disc, semestre, ano, nota) VALUES (324573237, 72876574, 4, 2020, 7);
INSERT INTO historico_escolar (id_aluno, cod_disc, semestre, ano, nota) VALUES (324573237, 72876574, 4, 2020, 1);
INSERT INTO historico_escolar (id_aluno, cod_disc, semestre, ano, nota) VALUES (619802041, 75059811, 7, 2022, 5);
INSERT INTO historico_escolar (id_aluno, cod_disc, semestre, ano, nota) VALUES (619802041, 30048698, 7, 2022, 4);
INSERT INTO historico_escolar (id_aluno, cod_disc, semestre, ano, nota) VALUES (619802041, 38828350, 8, 2023, 2);
INSERT INTO historico_escolar (id_aluno, cod_disc, semestre, ano, nota) VALUES (619802041, 70237098, 7, 2022, 9);
INSERT INTO historico_escolar (id_aluno, cod_disc, semestre, ano, nota) VALUES (619802041, 35630293, 4, 2020, 1);
INSERT INTO historico_escolar (id_aluno, cod_disc, semestre, ano, nota) VALUES (619802041, 30048698, 8, 2023, 7);
INSERT INTO historico_escolar (id_aluno, cod_disc, semestre, ano, nota) VALUES (356004343, 35630293, 6, 2021, 6);
INSERT INTO historico_escolar (id_aluno, cod_disc, semestre, ano, nota) VALUES (356004343, 38828350, 6, 2021, 1);
INSERT INTO historico_escolar (id_aluno, cod_disc, semestre, ano, nota) VALUES (356004343, 72876574, 4, 2020, 0);
INSERT INTO historico_escolar (id_aluno, cod_disc, semestre, ano, nota) VALUES (356004343, 30048698, 3, 2019, 0);
INSERT INTO historico_escolar (id_aluno, cod_disc, semestre, ano, nota) VALUES (356004343, 35630293, 3, 2019, 0);
INSERT INTO historico_escolar (id_aluno, cod_disc, semestre, ano, nota) VALUES (356004343, 75059811, 1, 2018, 8);
INSERT INTO historico_escolar (id_aluno, cod_disc, semestre, ano, nota) VALUES (158884194, 75059811, 8, 2023, 7);
INSERT INTO historico_escolar (id_aluno, cod_disc, semestre, ano, nota) VALUES (158884194, 72876574, 4, 2020, 0);
INSERT INTO historico_escolar (id_aluno, cod_disc, semestre, ano, nota) VALUES (158884194, 35630293, 4, 2020, 8);
INSERT INTO historico_escolar (id_aluno, cod_disc, semestre, ano, nota) VALUES (158884194, 30048698, 5, 2021, 8);
INSERT INTO historico_escolar (id_aluno, cod_disc, semestre, ano, nota) VALUES (158884194, 35630293, 2, 2018, 2);
INSERT INTO historico_escolar (id_aluno, cod_disc, semestre, ano, nota) VALUES (158884194, 75059811, 6, 2021, 4);
INSERT INTO historico_escolar (id_aluno, cod_disc, semestre, ano, nota) VALUES (449234017, 72876574, 1, 2018, 8);
INSERT INTO historico_escolar (id_aluno, cod_disc, semestre, ano, nota) VALUES (449234017, 75059811, 3, 2019, 10);
INSERT INTO historico_escolar (id_aluno, cod_disc, semestre, ano, nota) VALUES (449234017, 35630293, 8, 2023, 3);
INSERT INTO historico_escolar (id_aluno, cod_disc, semestre, ano, nota) VALUES (449234017, 72876574, 2, 2018, 2);
INSERT INTO historico_escolar (id_aluno, cod_disc, semestre, ano, nota) VALUES (449234017, 72876574, 7, 2022, 7);
INSERT INTO historico_escolar (id_aluno, cod_disc, semestre, ano, nota) VALUES (449234017, 30048698, 3, 2019, 4);
INSERT INTO historico_escolar (id_aluno, cod_disc, semestre, ano, nota) VALUES (160308263, 72876574, 3, 2019, 3);
INSERT INTO historico_escolar (id_aluno, cod_disc, semestre, ano, nota) VALUES (160308263, 72876574, 4, 2020, 3);
INSERT INTO historico_escolar (id_aluno, cod_disc, semestre, ano, nota) VALUES (160308263, 72876574, 3, 2019, 5);
INSERT INTO historico_escolar (id_aluno, cod_disc, semestre, ano, nota) VALUES (160308263, 72876574, 4, 2020, 6);
INSERT INTO historico_escolar (id_aluno, cod_disc, semestre, ano, nota) VALUES (160308263, 70237098, 5, 2021, 4);
INSERT INTO historico_escolar (id_aluno, cod_disc, semestre, ano, nota) VALUES (160308263, 56809579, 6, 2021, 0);
INSERT INTO historico_escolar (id_aluno, cod_disc, semestre, ano, nota) VALUES (351219328, 75059811, 5, 2021, 10);
INSERT INTO historico_escolar (id_aluno, cod_disc, semestre, ano, nota) VALUES (351219328, 35630293, 6, 2021, 6);
INSERT INTO historico_escolar (id_aluno, cod_disc, semestre, ano, nota) VALUES (351219328, 75059811, 1, 2018, 2);
INSERT INTO historico_escolar (id_aluno, cod_disc, semestre, ano, nota) VALUES (351219328, 56809579, 3, 2019, 0);
INSERT INTO historico_escolar (id_aluno, cod_disc, semestre, ano, nota) VALUES (351219328, 30048698, 6, 2021, 5);
INSERT INTO historico_escolar (id_aluno, cod_disc, semestre, ano, nota) VALUES (351219328, 70237098, 8, 2023, 8);
INSERT INTO historico_escolar (id_aluno, cod_disc, semestre, ano, nota) VALUES (848021251, 70237098, 6, 2021, 8);
INSERT INTO historico_escolar (id_aluno, cod_disc, semestre, ano, nota) VALUES (848021251, 56809579, 2, 2018, 3);
INSERT INTO historico_escolar (id_aluno, cod_disc, semestre, ano, nota) VALUES (848021251, 72876574, 3, 2019, 10);
INSERT INTO historico_escolar (id_aluno, cod_disc, semestre, ano, nota) VALUES (848021251, 75059811, 2, 2018, 0);
INSERT INTO historico_escolar (id_aluno, cod_disc, semestre, ano, nota) VALUES (848021251, 75059811, 7, 2022, 4);
INSERT INTO historico_escolar (id_aluno, cod_disc, semestre, ano, nota) VALUES (848021251, 75059811, 7, 2022, 3);
INSERT INTO historico_escolar (id_aluno, cod_disc, semestre, ano, nota) VALUES (368124473, 30048698, 1, 2018, 3);
INSERT INTO historico_escolar (id_aluno, cod_disc, semestre, ano, nota) VALUES (368124473, 35630293, 7, 2022, 7);
INSERT INTO historico_escolar (id_aluno, cod_disc, semestre, ano, nota) VALUES (368124473, 72876574, 6, 2021, 3);
INSERT INTO historico_escolar (id_aluno, cod_disc, semestre, ano, nota) VALUES (368124473, 72876574, 5, 2021, 8);
INSERT INTO historico_escolar (id_aluno, cod_disc, semestre, ano, nota) VALUES (368124473, 75059811, 2, 2018, 8);
INSERT INTO historico_escolar (id_aluno, cod_disc, semestre, ano, nota) VALUES (368124473, 72876574, 4, 2020, 3);
INSERT INTO historico_escolar (id_aluno, cod_disc, semestre, ano, nota) VALUES (054251501, 75059811, 6, 2021, 0);
INSERT INTO historico_escolar (id_aluno, cod_disc, semestre, ano, nota) VALUES (054251501, 75059811, 3, 2019, 7);
INSERT INTO historico_escolar (id_aluno, cod_disc, semestre, ano, nota) VALUES (054251501, 72876574, 6, 2021, 5);
INSERT INTO historico_escolar (id_aluno, cod_disc, semestre, ano, nota) VALUES (054251501, 35630293, 1, 2018, 5);
INSERT INTO historico_escolar (id_aluno, cod_disc, semestre, ano, nota) VALUES (054251501, 72876574, 7, 2022, 9);
INSERT INTO historico_escolar (id_aluno, cod_disc, semestre, ano, nota) VALUES (054251501, 38828350, 4, 2020, 2);
INSERT INTO historico_escolar (id_aluno, cod_disc, semestre, ano, nota) VALUES (573880709, 72876574, 1, 2018, 6);
INSERT INTO historico_escolar (id_aluno, cod_disc, semestre, ano, nota) VALUES (573880709, 30048698, 4, 2020, 7);
INSERT INTO historico_escolar (id_aluno, cod_disc, semestre, ano, nota) VALUES (573880709, 72876574, 4, 2020, 2);
INSERT INTO historico_escolar (id_aluno, cod_disc, semestre, ano, nota) VALUES (573880709, 56809579, 2, 2018, 0);
INSERT INTO historico_escolar (id_aluno, cod_disc, semestre, ano, nota) VALUES (573880709, 35630293, 5, 2021, 10);
INSERT INTO historico_escolar (id_aluno, cod_disc, semestre, ano, nota) VALUES (573880709, 70237098, 5, 2021, 7);
INSERT INTO historico_escolar (id_aluno, cod_disc, semestre, ano, nota) VALUES (914853751, 38828350, 2, 2018, 8);
INSERT INTO historico_escolar (id_aluno, cod_disc, semestre, ano, nota) VALUES (914853751, 72876574, 8, 2023, 2);
INSERT INTO historico_escolar (id_aluno, cod_disc, semestre, ano, nota) VALUES (914853751, 56809579, 5, 2021, 6);
INSERT INTO historico_escolar (id_aluno, cod_disc, semestre, ano, nota) VALUES (914853751, 72876574, 7, 2022, 2);
INSERT INTO historico_escolar (id_aluno, cod_disc, semestre, ano, nota) VALUES (914853751, 35630293, 2, 2018, 2);
INSERT INTO historico_escolar (id_aluno, cod_disc, semestre, ano, nota) VALUES (914853751, 70237098, 6, 2021, 4);
INSERT INTO historico_escolar (id_aluno, cod_disc, semestre, ano, nota) VALUES (575069878, 30048698, 7, 2022, 2);
INSERT INTO historico_escolar (id_aluno, cod_disc, semestre, ano, nota) VALUES (575069878, 75059811, 2, 2018, 3);
INSERT INTO historico_escolar (id_aluno, cod_disc, semestre, ano, nota) VALUES (575069878, 72876574, 3, 2019, 3);
INSERT INTO historico_escolar (id_aluno, cod_disc, semestre, ano, nota) VALUES (575069878, 35630293, 2, 2018, 8);
INSERT INTO historico_escolar (id_aluno, cod_disc, semestre, ano, nota) VALUES (575069878, 30048698, 2, 2018, 7);
INSERT INTO historico_escolar (id_aluno, cod_disc, semestre, ano, nota) VALUES (575069878, 75059811, 1, 2018, 3);
INSERT INTO historico_escolar (id_aluno, cod_disc, semestre, ano, nota) VALUES (577701104, 56809579, 8, 2023, 1);
INSERT INTO historico_escolar (id_aluno, cod_disc, semestre, ano, nota) VALUES (577701104, 75059811, 5, 2021, 8);
INSERT INTO historico_escolar (id_aluno, cod_disc, semestre, ano, nota) VALUES (577701104, 30048698, 8, 2023, 8);
INSERT INTO historico_escolar (id_aluno, cod_disc, semestre, ano, nota) VALUES (577701104, 38828350, 6, 2021, 4);
INSERT INTO historico_escolar (id_aluno, cod_disc, semestre, ano, nota) VALUES (577701104, 75059811, 7, 2022, 7);
INSERT INTO historico_escolar (id_aluno, cod_disc, semestre, ano, nota) VALUES (577701104, 35630293, 6, 2021, 5);
INSERT INTO historico_escolar (id_aluno, cod_disc, semestre, ano, nota) VALUES (866732589, 70237098, 3, 2019, 4);
INSERT INTO historico_escolar (id_aluno, cod_disc, semestre, ano, nota) VALUES (866732589, 30048698, 2, 2018, 6);
INSERT INTO historico_escolar (id_aluno, cod_disc, semestre, ano, nota) VALUES (866732589, 35630293, 7, 2022, 5);
INSERT INTO historico_escolar (id_aluno, cod_disc, semestre, ano, nota) VALUES (866732589, 30048698, 8, 2023, 2);
INSERT INTO historico_escolar (id_aluno, cod_disc, semestre, ano, nota) VALUES (866732589, 70237098, 8, 2023, 7);
INSERT INTO historico_escolar (id_aluno, cod_disc, semestre, ano, nota) VALUES (866732589, 56809579, 6, 2021, 8);
INSERT INTO historico_escolar (id_aluno, cod_disc, semestre, ano, nota) VALUES (034530791, 35630293, 1, 2018, 5);
INSERT INTO historico_escolar (id_aluno, cod_disc, semestre, ano, nota) VALUES (034530791, 35630293, 6, 2021, 8);
INSERT INTO historico_escolar (id_aluno, cod_disc, semestre, ano, nota) VALUES (034530791, 30048698, 3, 2019, 3);
INSERT INTO historico_escolar (id_aluno, cod_disc, semestre, ano, nota) VALUES (034530791, 72876574, 1, 2018, 2);
INSERT INTO historico_escolar (id_aluno, cod_disc, semestre, ano, nota) VALUES (034530791, 72876574, 7, 2022, 1);
INSERT INTO historico_escolar (id_aluno, cod_disc, semestre, ano, nota) VALUES (034530791, 38828350, 6, 2021, 0);
INSERT INTO historico_escolar (id_aluno, cod_disc, semestre, ano, nota) VALUES (521082650, 56809579, 6, 2021, 9);
INSERT INTO historico_escolar (id_aluno, cod_disc, semestre, ano, nota) VALUES (521082650, 35630293, 4, 2020, 6);
INSERT INTO historico_escolar (id_aluno, cod_disc, semestre, ano, nota) VALUES (521082650, 75059811, 4, 2020, 5);
INSERT INTO historico_escolar (id_aluno, cod_disc, semestre, ano, nota) VALUES (521082650, 72876574, 5, 2021, 5);
INSERT INTO historico_escolar (id_aluno, cod_disc, semestre, ano, nota) VALUES (521082650, 72876574, 2, 2018, 2);
INSERT INTO historico_escolar (id_aluno, cod_disc, semestre, ano, nota) VALUES (521082650, 75059811, 2, 2018, 7);
INSERT INTO historico_escolar (id_aluno, cod_disc, semestre, ano, nota) VALUES (457085482, 72876574, 4, 2020, 9);
INSERT INTO historico_escolar (id_aluno, cod_disc, semestre, ano, nota) VALUES (457085482, 72876574, 1, 2018, 5);
INSERT INTO historico_escolar (id_aluno, cod_disc, semestre, ano, nota) VALUES (457085482, 30048698, 3, 2019, 3);
INSERT INTO historico_escolar (id_aluno, cod_disc, semestre, ano, nota) VALUES (457085482, 72876574, 1, 2018, 2);
INSERT INTO historico_escolar (id_aluno, cod_disc, semestre, ano, nota) VALUES (457085482, 38828350, 2, 2018, 0);
INSERT INTO historico_escolar (id_aluno, cod_disc, semestre, ano, nota) VALUES (457085482, 35630293, 6, 2021, 2);
INSERT INTO historico_escolar (id_aluno, cod_disc, semestre, ano, nota) VALUES (247025839, 30048698, 8, 2023, 3);
INSERT INTO historico_escolar (id_aluno, cod_disc, semestre, ano, nota) VALUES (247025839, 56809579, 6, 2021, 8);
INSERT INTO historico_escolar (id_aluno, cod_disc, semestre, ano, nota) VALUES (247025839, 75059811, 8, 2023, 7);
INSERT INTO historico_escolar (id_aluno, cod_disc, semestre, ano, nota) VALUES (247025839, 72876574, 8, 2023, 1);
INSERT INTO historico_escolar (id_aluno, cod_disc, semestre, ano, nota) VALUES (247025839, 75059811, 1, 2018, 6);
INSERT INTO historico_escolar (id_aluno, cod_disc, semestre, ano, nota) VALUES (247025839, 56809579, 7, 2022, 4);
INSERT INTO historico_escolar (id_aluno, cod_disc, semestre, ano, nota) VALUES (666257148, 72876574, 3, 2019, 10);
INSERT INTO historico_escolar (id_aluno, cod_disc, semestre, ano, nota) VALUES (666257148, 75059811, 1, 2018, 9);
INSERT INTO historico_escolar (id_aluno, cod_disc, semestre, ano, nota) VALUES (666257148, 56809579, 2, 2018, 5);
INSERT INTO historico_escolar (id_aluno, cod_disc, semestre, ano, nota) VALUES (666257148, 70237098, 3, 2019, 6);
INSERT INTO historico_escolar (id_aluno, cod_disc, semestre, ano, nota) VALUES (666257148, 72876574, 3, 2019, 3);
INSERT INTO historico_escolar (id_aluno, cod_disc, semestre, ano, nota) VALUES (666257148, 72876574, 3, 2019, 0);
INSERT INTO historico_escolar (id_aluno, cod_disc, semestre, ano, nota) VALUES (245583563, 30048698, 5, 2021, 4);
INSERT INTO historico_escolar (id_aluno, cod_disc, semestre, ano, nota) VALUES (245583563, 70237098, 1, 2018, 1);
INSERT INTO historico_escolar (id_aluno, cod_disc, semestre, ano, nota) VALUES (245583563, 72876574, 1, 2018, 1);
INSERT INTO historico_escolar (id_aluno, cod_disc, semestre, ano, nota) VALUES (245583563, 72876574, 5, 2021, 10);
INSERT INTO historico_escolar (id_aluno, cod_disc, semestre, ano, nota) VALUES (245583563, 38828350, 2, 2018, 0);
INSERT INTO historico_escolar (id_aluno, cod_disc, semestre, ano, nota) VALUES (245583563, 72876574, 5, 2021, 9);
INSERT INTO historico_escolar (id_aluno, cod_disc, semestre, ano, nota) VALUES (722755839, 72876574, 6, 2021, 9);
INSERT INTO historico_escolar (id_aluno, cod_disc, semestre, ano, nota) VALUES (722755839, 72876574, 4, 2020, 6);
INSERT INTO historico_escolar (id_aluno, cod_disc, semestre, ano, nota) VALUES (722755839, 38828350, 7, 2022, 4);
INSERT INTO historico_escolar (id_aluno, cod_disc, semestre, ano, nota) VALUES (722755839, 72876574, 4, 2020, 2);
INSERT INTO historico_escolar (id_aluno, cod_disc, semestre, ano, nota) VALUES (722755839, 56809579, 3, 2019, 2);
INSERT INTO historico_escolar (id_aluno, cod_disc, semestre, ano, nota) VALUES (722755839, 75059811, 1, 2018, 7);
INSERT INTO historico_escolar (id_aluno, cod_disc, semestre, ano, nota) VALUES (151130501, 56809579, 4, 2020, 2);
INSERT INTO historico_escolar (id_aluno, cod_disc, semestre, ano, nota) VALUES (151130501, 56809579, 6, 2021, 6);
INSERT INTO historico_escolar (id_aluno, cod_disc, semestre, ano, nota) VALUES (151130501, 72876574, 3, 2019, 10);
INSERT INTO historico_escolar (id_aluno, cod_disc, semestre, ano, nota) VALUES (151130501, 56809579, 8, 2023, 10);
INSERT INTO historico_escolar (id_aluno, cod_disc, semestre, ano, nota) VALUES (151130501, 35630293, 3, 2019, 9);
INSERT INTO historico_escolar (id_aluno, cod_disc, semestre, ano, nota) VALUES (151130501, 70237098, 5, 2021, 5);
INSERT INTO historico_escolar (id_aluno, cod_disc, semestre, ano, nota) VALUES (870134473, 35630293, 1, 2018, 1);
INSERT INTO historico_escolar (id_aluno, cod_disc, semestre, ano, nota) VALUES (870134473, 75059811, 1, 2018, 10);
INSERT INTO historico_escolar (id_aluno, cod_disc, semestre, ano, nota) VALUES (870134473, 72876574, 4, 2020, 3);
INSERT INTO historico_escolar (id_aluno, cod_disc, semestre, ano, nota) VALUES (870134473, 72876574, 5, 2021, 8);
INSERT INTO historico_escolar (id_aluno, cod_disc, semestre, ano, nota) VALUES (870134473, 72876574, 6, 2021, 6);
INSERT INTO historico_escolar (id_aluno, cod_disc, semestre, ano, nota) VALUES (870134473, 75059811, 7, 2022, 7);
INSERT INTO historico_escolar (id_aluno, cod_disc, semestre, ano, nota) VALUES (100767563, 75059811, 3, 2019, 2);
INSERT INTO historico_escolar (id_aluno, cod_disc, semestre, ano, nota) VALUES (100767563, 56809579, 6, 2021, 3);
INSERT INTO historico_escolar (id_aluno, cod_disc, semestre, ano, nota) VALUES (100767563, 70237098, 6, 2021, 2);
INSERT INTO historico_escolar (id_aluno, cod_disc, semestre, ano, nota) VALUES (100767563, 70237098, 2, 2018, 2);
INSERT INTO historico_escolar (id_aluno, cod_disc, semestre, ano, nota) VALUES (100767563, 75059811, 3, 2019, 1);
INSERT INTO historico_escolar (id_aluno, cod_disc, semestre, ano, nota) VALUES (100767563, 72876574, 6, 2021, 1);
INSERT INTO historico_escolar (id_aluno, cod_disc, semestre, ano, nota) VALUES (950117833, 72876574, 8, 2023, 2);
INSERT INTO historico_escolar (id_aluno, cod_disc, semestre, ano, nota) VALUES (950117833, 56809579, 4, 2020, 10);
INSERT INTO historico_escolar (id_aluno, cod_disc, semestre, ano, nota) VALUES (950117833, 75059811, 8, 2023, 4);
INSERT INTO historico_escolar (id_aluno, cod_disc, semestre, ano, nota) VALUES (950117833, 75059811, 6, 2021, 9);
INSERT INTO historico_escolar (id_aluno, cod_disc, semestre, ano, nota) VALUES (950117833, 38828350, 7, 2022, 7);
INSERT INTO historico_escolar (id_aluno, cod_disc, semestre, ano, nota) VALUES (950117833, 72876574, 1, 2018, 4);
INSERT INTO historico_escolar (id_aluno, cod_disc, semestre, ano, nota) VALUES (311141408, 75059811, 6, 2021, 0);
INSERT INTO historico_escolar (id_aluno, cod_disc, semestre, ano, nota) VALUES (311141408, 72876574, 6, 2021, 8);
INSERT INTO historico_escolar (id_aluno, cod_disc, semestre, ano, nota) VALUES (311141408, 30048698, 5, 2021, 3);
INSERT INTO historico_escolar (id_aluno, cod_disc, semestre, ano, nota) VALUES (311141408, 75059811, 8, 2023, 2);
INSERT INTO historico_escolar (id_aluno, cod_disc, semestre, ano, nota) VALUES (311141408, 75059811, 5, 2021, 4);
INSERT INTO historico_escolar (id_aluno, cod_disc, semestre, ano, nota) VALUES (311141408, 38828350, 2, 2018, 4);
INSERT INTO historico_escolar (id_aluno, cod_disc, semestre, ano, nota) VALUES (943951552, 75059811, 8, 2023, 1);
INSERT INTO historico_escolar (id_aluno, cod_disc, semestre, ano, nota) VALUES (943951552, 75059811, 3, 2019, 10);
INSERT INTO historico_escolar (id_aluno, cod_disc, semestre, ano, nota) VALUES (943951552, 35630293, 4, 2020, 1);
INSERT INTO historico_escolar (id_aluno, cod_disc, semestre, ano, nota) VALUES (943951552, 72876574, 4, 2020, 2);
INSERT INTO historico_escolar (id_aluno, cod_disc, semestre, ano, nota) VALUES (943951552, 30048698, 5, 2021, 5);
INSERT INTO historico_escolar (id_aluno, cod_disc, semestre, ano, nota) VALUES (943951552, 70237098, 4, 2020, 5);
INSERT INTO historico_escolar (id_aluno, cod_disc, semestre, ano, nota) VALUES (428561898, 35630293, 8, 2023, 8);
INSERT INTO historico_escolar (id_aluno, cod_disc, semestre, ano, nota) VALUES (428561898, 30048698, 8, 2023, 5);
INSERT INTO historico_escolar (id_aluno, cod_disc, semestre, ano, nota) VALUES (428561898, 72876574, 7, 2022, 1);
INSERT INTO historico_escolar (id_aluno, cod_disc, semestre, ano, nota) VALUES (428561898, 75059811, 8, 2023, 10);
INSERT INTO historico_escolar (id_aluno, cod_disc, semestre, ano, nota) VALUES (428561898, 38828350, 6, 2021, 5);
INSERT INTO historico_escolar (id_aluno, cod_disc, semestre, ano, nota) VALUES (428561898, 70237098, 3, 2019, 7);
INSERT INTO historico_escolar (id_aluno, cod_disc, semestre, ano, nota) VALUES (553425515, 72876574, 4, 2020, 9);
INSERT INTO historico_escolar (id_aluno, cod_disc, semestre, ano, nota) VALUES (553425515, 35630293, 7, 2022, 2);
INSERT INTO historico_escolar (id_aluno, cod_disc, semestre, ano, nota) VALUES (553425515, 38828350, 7, 2022, 9);
INSERT INTO historico_escolar (id_aluno, cod_disc, semestre, ano, nota) VALUES (553425515, 38828350, 2, 2018, 3);
INSERT INTO historico_escolar (id_aluno, cod_disc, semestre, ano, nota) VALUES (553425515, 30048698, 8, 2023, 1);
INSERT INTO historico_escolar (id_aluno, cod_disc, semestre, ano, nota) VALUES (553425515, 30048698, 4, 2020, 9);
INSERT INTO historico_escolar (id_aluno, cod_disc, semestre, ano, nota) VALUES (736416746, 75059811, 3, 2019, 4);
INSERT INTO historico_escolar (id_aluno, cod_disc, semestre, ano, nota) VALUES (736416746, 30048698, 2, 2018, 0);
INSERT INTO historico_escolar (id_aluno, cod_disc, semestre, ano, nota) VALUES (736416746, 72876574, 4, 2020, 0);
INSERT INTO historico_escolar (id_aluno, cod_disc, semestre, ano, nota) VALUES (736416746, 56809579, 3, 2019, 2);
INSERT INTO historico_escolar (id_aluno, cod_disc, semestre, ano, nota) VALUES (736416746, 75059811, 4, 2020, 3);
INSERT INTO historico_escolar (id_aluno, cod_disc, semestre, ano, nota) VALUES (736416746, 35630293, 1, 2018, 8);
INSERT INTO historico_escolar (id_aluno, cod_disc, semestre, ano, nota) VALUES (550887077, 38828350, 2, 2018, 2);
INSERT INTO historico_escolar (id_aluno, cod_disc, semestre, ano, nota) VALUES (550887077, 75059811, 3, 2019, 7);
INSERT INTO historico_escolar (id_aluno, cod_disc, semestre, ano, nota) VALUES (550887077, 30048698, 7, 2022, 1);
INSERT INTO historico_escolar (id_aluno, cod_disc, semestre, ano, nota) VALUES (550887077, 56809579, 5, 2021, 9);
INSERT INTO historico_escolar (id_aluno, cod_disc, semestre, ano, nota) VALUES (550887077, 38828350, 2, 2018, 5);
INSERT INTO historico_escolar (id_aluno, cod_disc, semestre, ano, nota) VALUES (550887077, 30048698, 1, 2018, 1);
INSERT INTO historico_escolar (id_aluno, cod_disc, semestre, ano, nota) VALUES (137641505, 38828350, 1, 2018, 7);
INSERT INTO historico_escolar (id_aluno, cod_disc, semestre, ano, nota) VALUES (137641505, 56809579, 2, 2018, 7);
INSERT INTO historico_escolar (id_aluno, cod_disc, semestre, ano, nota) VALUES (137641505, 30048698, 6, 2021, 2);
INSERT INTO historico_escolar (id_aluno, cod_disc, semestre, ano, nota) VALUES (137641505, 72876574, 3, 2019, 4);
INSERT INTO historico_escolar (id_aluno, cod_disc, semestre, ano, nota) VALUES (137641505, 72876574, 2, 2018, 8);
INSERT INTO historico_escolar (id_aluno, cod_disc, semestre, ano, nota) VALUES (137641505, 30048698, 3, 2019, 1);
INSERT INTO historico_escolar (id_aluno, cod_disc, semestre, ano, nota) VALUES (176828294, 72876574, 6, 2021, 10);
INSERT INTO historico_escolar (id_aluno, cod_disc, semestre, ano, nota) VALUES (176828294, 75059811, 1, 2018, 7);
INSERT INTO historico_escolar (id_aluno, cod_disc, semestre, ano, nota) VALUES (176828294, 72876574, 1, 2018, 8);
INSERT INTO historico_escolar (id_aluno, cod_disc, semestre, ano, nota) VALUES (176828294, 70237098, 7, 2022, 7);
INSERT INTO historico_escolar (id_aluno, cod_disc, semestre, ano, nota) VALUES (176828294, 72876574, 6, 2021, 7);
INSERT INTO historico_escolar (id_aluno, cod_disc, semestre, ano, nota) VALUES (176828294, 72876574, 2, 2018, 5);
INSERT INTO historico_escolar (id_aluno, cod_disc, semestre, ano, nota) VALUES (042196867, 72876574, 5, 2021, 0);
INSERT INTO historico_escolar (id_aluno, cod_disc, semestre, ano, nota) VALUES (042196867, 30048698, 3, 2019, 3);
INSERT INTO historico_escolar (id_aluno, cod_disc, semestre, ano, nota) VALUES (042196867, 75059811, 1, 2018, 0);
INSERT INTO historico_escolar (id_aluno, cod_disc, semestre, ano, nota) VALUES (042196867, 56809579, 8, 2023, 10);
INSERT INTO historico_escolar (id_aluno, cod_disc, semestre, ano, nota) VALUES (042196867, 56809579, 1, 2018, 5);
INSERT INTO historico_escolar (id_aluno, cod_disc, semestre, ano, nota) VALUES (042196867, 72876574, 8, 2023, 2);
INSERT INTO historico_escolar (id_aluno, cod_disc, semestre, ano, nota) VALUES (685667672, 72876574, 6, 2021, 1);
INSERT INTO historico_escolar (id_aluno, cod_disc, semestre, ano, nota) VALUES (685667672, 75059811, 6, 2021, 7);
INSERT INTO historico_escolar (id_aluno, cod_disc, semestre, ano, nota) VALUES (685667672, 75059811, 6, 2021, 8);
INSERT INTO historico_escolar (id_aluno, cod_disc, semestre, ano, nota) VALUES (685667672, 72876574, 6, 2021, 3);
INSERT INTO historico_escolar (id_aluno, cod_disc, semestre, ano, nota) VALUES (685667672, 38828350, 4, 2020, 0);
INSERT INTO historico_escolar (id_aluno, cod_disc, semestre, ano, nota) VALUES (685667672, 70237098, 8, 2023, 4);
INSERT INTO historico_escolar (id_aluno, cod_disc, semestre, ano, nota) VALUES (248576916, 56809579, 6, 2021, 0);
INSERT INTO historico_escolar (id_aluno, cod_disc, semestre, ano, nota) VALUES (248576916, 72876574, 7, 2022, 0);
INSERT INTO historico_escolar (id_aluno, cod_disc, semestre, ano, nota) VALUES (248576916, 56809579, 2, 2018, 6);
INSERT INTO historico_escolar (id_aluno, cod_disc, semestre, ano, nota) VALUES (248576916, 75059811, 6, 2021, 9);
INSERT INTO historico_escolar (id_aluno, cod_disc, semestre, ano, nota) VALUES (248576916, 72876574, 3, 2019, 2);
INSERT INTO historico_escolar (id_aluno, cod_disc, semestre, ano, nota) VALUES (248576916, 38828350, 3, 2019, 5);
INSERT INTO historico_escolar (id_aluno, cod_disc, semestre, ano, nota) VALUES (481869251, 30048698, 6, 2021, 9);
INSERT INTO historico_escolar (id_aluno, cod_disc, semestre, ano, nota) VALUES (481869251, 75059811, 7, 2022, 5);
INSERT INTO historico_escolar (id_aluno, cod_disc, semestre, ano, nota) VALUES (481869251, 30048698, 7, 2022, 7);
INSERT INTO historico_escolar (id_aluno, cod_disc, semestre, ano, nota) VALUES (481869251, 35630293, 5, 2021, 8);
INSERT INTO historico_escolar (id_aluno, cod_disc, semestre, ano, nota) VALUES (481869251, 30048698, 4, 2020, 6);
INSERT INTO historico_escolar (id_aluno, cod_disc, semestre, ano, nota) VALUES (481869251, 56809579, 4, 2020, 1);
INSERT INTO historico_escolar (id_aluno, cod_disc, semestre, ano, nota) VALUES (824159780, 72876574, 8, 2023, 4);
INSERT INTO historico_escolar (id_aluno, cod_disc, semestre, ano, nota) VALUES (824159780, 70237098, 2, 2018, 2);
INSERT INTO historico_escolar (id_aluno, cod_disc, semestre, ano, nota) VALUES (824159780, 56809579, 3, 2019, 4);
INSERT INTO historico_escolar (id_aluno, cod_disc, semestre, ano, nota) VALUES (824159780, 30048698, 2, 2018, 9);
INSERT INTO historico_escolar (id_aluno, cod_disc, semestre, ano, nota) VALUES (824159780, 75059811, 1, 2018, 5);
INSERT INTO historico_escolar (id_aluno, cod_disc, semestre, ano, nota) VALUES (824159780, 70237098, 6, 2021, 7);
INSERT INTO historico_escolar (id_aluno, cod_disc, semestre, ano, nota) VALUES (465799999, 75059811, 5, 2021, 8);
INSERT INTO historico_escolar (id_aluno, cod_disc, semestre, ano, nota) VALUES (465799999, 38828350, 7, 2022, 5);
INSERT INTO historico_escolar (id_aluno, cod_disc, semestre, ano, nota) VALUES (465799999, 56809579, 7, 2022, 10);
INSERT INTO historico_escolar (id_aluno, cod_disc, semestre, ano, nota) VALUES (465799999, 72876574, 7, 2022, 1);
INSERT INTO historico_escolar (id_aluno, cod_disc, semestre, ano, nota) VALUES (465799999, 72876574, 4, 2020, 2);
INSERT INTO historico_escolar (id_aluno, cod_disc, semestre, ano, nota) VALUES (465799999, 30048698, 1, 2018, 7);
INSERT INTO historico_escolar (id_aluno, cod_disc, semestre, ano, nota) VALUES (864326152, 75059811, 2, 2018, 7);
INSERT INTO historico_escolar (id_aluno, cod_disc, semestre, ano, nota) VALUES (864326152, 72876574, 6, 2021, 8);
INSERT INTO historico_escolar (id_aluno, cod_disc, semestre, ano, nota) VALUES (864326152, 72876574, 3, 2019, 10);
INSERT INTO historico_escolar (id_aluno, cod_disc, semestre, ano, nota) VALUES (864326152, 75059811, 3, 2019, 3);
INSERT INTO historico_escolar (id_aluno, cod_disc, semestre, ano, nota) VALUES (864326152, 30048698, 4, 2020, 2);
INSERT INTO historico_escolar (id_aluno, cod_disc, semestre, ano, nota) VALUES (864326152, 30048698, 8, 2023, 5);
INSERT INTO historico_escolar (id_aluno, cod_disc, semestre, ano, nota) VALUES (582028381, 75059811, 6, 2021, 9);
INSERT INTO historico_escolar (id_aluno, cod_disc, semestre, ano, nota) VALUES (582028381, 30048698, 5, 2021, 2);
INSERT INTO historico_escolar (id_aluno, cod_disc, semestre, ano, nota) VALUES (582028381, 35630293, 7, 2022, 4);
INSERT INTO historico_escolar (id_aluno, cod_disc, semestre, ano, nota) VALUES (582028381, 70237098, 5, 2021, 8);
INSERT INTO historico_escolar (id_aluno, cod_disc, semestre, ano, nota) VALUES (582028381, 30048698, 7, 2022, 3);
INSERT INTO historico_escolar (id_aluno, cod_disc, semestre, ano, nota) VALUES (582028381, 56809579, 8, 2023, 3);
INSERT INTO historico_escolar (id_aluno, cod_disc, semestre, ano, nota) VALUES (478204841, 72876574, 7, 2022, 10);
INSERT INTO historico_escolar (id_aluno, cod_disc, semestre, ano, nota) VALUES (478204841, 75059811, 5, 2021, 7);
INSERT INTO historico_escolar (id_aluno, cod_disc, semestre, ano, nota) VALUES (478204841, 56809579, 7, 2022, 7);
INSERT INTO historico_escolar (id_aluno, cod_disc, semestre, ano, nota) VALUES (478204841, 35630293, 7, 2022, 1);
INSERT INTO historico_escolar (id_aluno, cod_disc, semestre, ano, nota) VALUES (478204841, 72876574, 6, 2021, 8);
INSERT INTO historico_escolar (id_aluno, cod_disc, semestre, ano, nota) VALUES (478204841, 72876574, 6, 2021, 3);
INSERT INTO historico_escolar (id_aluno, cod_disc, semestre, ano, nota) VALUES (880451764, 38828350, 6, 2021, 5);
INSERT INTO historico_escolar (id_aluno, cod_disc, semestre, ano, nota) VALUES (880451764, 72876574, 2, 2018, 8);
INSERT INTO historico_escolar (id_aluno, cod_disc, semestre, ano, nota) VALUES (880451764, 75059811, 6, 2021, 8);
INSERT INTO historico_escolar (id_aluno, cod_disc, semestre, ano, nota) VALUES (880451764, 72876574, 3, 2019, 7);
INSERT INTO historico_escolar (id_aluno, cod_disc, semestre, ano, nota) VALUES (880451764, 30048698, 5, 2021, 7);
INSERT INTO historico_escolar (id_aluno, cod_disc, semestre, ano, nota) VALUES (880451764, 72876574, 7, 2022, 7);
INSERT INTO historico_escolar (id_aluno, cod_disc, semestre, ano, nota) VALUES (444650520, 38828350, 7, 2022, 0);
INSERT INTO historico_escolar (id_aluno, cod_disc, semestre, ano, nota) VALUES (444650520, 38828350, 6, 2021, 2);
INSERT INTO historico_escolar (id_aluno, cod_disc, semestre, ano, nota) VALUES (444650520, 72876574, 2, 2018, 8);
INSERT INTO historico_escolar (id_aluno, cod_disc, semestre, ano, nota) VALUES (444650520, 70237098, 1, 2018, 10);
INSERT INTO historico_escolar (id_aluno, cod_disc, semestre, ano, nota) VALUES (444650520, 70237098, 3, 2019, 9);
INSERT INTO historico_escolar (id_aluno, cod_disc, semestre, ano, nota) VALUES (444650520, 35630293, 7, 2022, 1);
INSERT INTO historico_escolar (id_aluno, cod_disc, semestre, ano, nota) VALUES (604214638, 75059811, 6, 2021, 1);
INSERT INTO historico_escolar (id_aluno, cod_disc, semestre, ano, nota) VALUES (604214638, 72876574, 3, 2019, 7);
INSERT INTO historico_escolar (id_aluno, cod_disc, semestre, ano, nota) VALUES (604214638, 72876574, 2, 2018, 6);
INSERT INTO historico_escolar (id_aluno, cod_disc, semestre, ano, nota) VALUES (604214638, 30048698, 1, 2018, 9);
INSERT INTO historico_escolar (id_aluno, cod_disc, semestre, ano, nota) VALUES (604214638, 35630293, 6, 2021, 7);
INSERT INTO historico_escolar (id_aluno, cod_disc, semestre, ano, nota) VALUES (604214638, 70237098, 1, 2018, 5);
INSERT INTO historico_escolar (id_aluno, cod_disc, semestre, ano, nota) VALUES (644370168, 56809579, 2, 2018, 8);
INSERT INTO historico_escolar (id_aluno, cod_disc, semestre, ano, nota) VALUES (644370168, 75059811, 8, 2023, 10);
INSERT INTO historico_escolar (id_aluno, cod_disc, semestre, ano, nota) VALUES (644370168, 75059811, 3, 2019, 6);
INSERT INTO historico_escolar (id_aluno, cod_disc, semestre, ano, nota) VALUES (644370168, 72876574, 5, 2021, 4);
INSERT INTO historico_escolar (id_aluno, cod_disc, semestre, ano, nota) VALUES (644370168, 70237098, 4, 2020, 8);
INSERT INTO historico_escolar (id_aluno, cod_disc, semestre, ano, nota) VALUES (644370168, 75059811, 7, 2022, 1);
INSERT INTO historico_escolar (id_aluno, cod_disc, semestre, ano, nota) VALUES (342721509, 75059811, 6, 2021, 1);
INSERT INTO historico_escolar (id_aluno, cod_disc, semestre, ano, nota) VALUES (342721509, 70237098, 4, 2020, 9);
INSERT INTO historico_escolar (id_aluno, cod_disc, semestre, ano, nota) VALUES (342721509, 70237098, 2, 2018, 10);
INSERT INTO historico_escolar (id_aluno, cod_disc, semestre, ano, nota) VALUES (342721509, 72876574, 6, 2021, 3);
INSERT INTO historico_escolar (id_aluno, cod_disc, semestre, ano, nota) VALUES (342721509, 72876574, 5, 2021, 6);
INSERT INTO historico_escolar (id_aluno, cod_disc, semestre, ano, nota) VALUES (342721509, 72876574, 6, 2021, 2);
INSERT INTO historico_escolar (id_aluno, cod_disc, semestre, ano, nota) VALUES (633708595, 35630293, 5, 2021, 5);
INSERT INTO historico_escolar (id_aluno, cod_disc, semestre, ano, nota) VALUES (633708595, 38828350, 5, 2021, 4);
INSERT INTO historico_escolar (id_aluno, cod_disc, semestre, ano, nota) VALUES (633708595, 38828350, 7, 2022, 1);
INSERT INTO historico_escolar (id_aluno, cod_disc, semestre, ano, nota) VALUES (633708595, 38828350, 8, 2023, 2);
INSERT INTO historico_escolar (id_aluno, cod_disc, semestre, ano, nota) VALUES (633708595, 70237098, 8, 2023, 2);
INSERT INTO historico_escolar (id_aluno, cod_disc, semestre, ano, nota) VALUES (633708595, 30048698, 5, 2021, 6);
INSERT INTO historico_escolar (id_aluno, cod_disc, semestre, ano, nota) VALUES (551798198, 35630293, 5, 2021, 5);
INSERT INTO historico_escolar (id_aluno, cod_disc, semestre, ano, nota) VALUES (551798198, 56809579, 5, 2021, 4);
INSERT INTO historico_escolar (id_aluno, cod_disc, semestre, ano, nota) VALUES (551798198, 72876574, 2, 2018, 6);
INSERT INTO historico_escolar (id_aluno, cod_disc, semestre, ano, nota) VALUES (551798198, 72876574, 8, 2023, 0);
INSERT INTO historico_escolar (id_aluno, cod_disc, semestre, ano, nota) VALUES (551798198, 56809579, 7, 2022, 5);
INSERT INTO historico_escolar (id_aluno, cod_disc, semestre, ano, nota) VALUES (551798198, 72876574, 6, 2021, 7);
INSERT INTO historico_escolar (id_aluno, cod_disc, semestre, ano, nota) VALUES (791604978, 70237098, 5, 2021, 10);
INSERT INTO historico_escolar (id_aluno, cod_disc, semestre, ano, nota) VALUES (791604978, 70237098, 3, 2019, 4);
INSERT INTO historico_escolar (id_aluno, cod_disc, semestre, ano, nota) VALUES (791604978, 30048698, 1, 2018, 5);
INSERT INTO historico_escolar (id_aluno, cod_disc, semestre, ano, nota) VALUES (791604978, 70237098, 6, 2021, 3);
INSERT INTO historico_escolar (id_aluno, cod_disc, semestre, ano, nota) VALUES (791604978, 72876574, 6, 2021, 1);
INSERT INTO historico_escolar (id_aluno, cod_disc, semestre, ano, nota) VALUES (791604978, 35630293, 5, 2021, 2);
INSERT INTO historico_escolar (id_aluno, cod_disc, semestre, ano, nota) VALUES (239790405, 72876574, 8, 2023, 4);
INSERT INTO historico_escolar (id_aluno, cod_disc, semestre, ano, nota) VALUES (239790405, 38828350, 7, 2022, 3);
INSERT INTO historico_escolar (id_aluno, cod_disc, semestre, ano, nota) VALUES (239790405, 72876574, 8, 2023, 3);
INSERT INTO historico_escolar (id_aluno, cod_disc, semestre, ano, nota) VALUES (239790405, 75059811, 3, 2019, 1);
INSERT INTO historico_escolar (id_aluno, cod_disc, semestre, ano, nota) VALUES (239790405, 72876574, 5, 2021, 10);
INSERT INTO historico_escolar (id_aluno, cod_disc, semestre, ano, nota) VALUES (239790405, 35630293, 1, 2018, 4);
INSERT INTO historico_escolar (id_aluno, cod_disc, semestre, ano, nota) VALUES (482101150, 30048698, 8, 2023, 5);
INSERT INTO historico_escolar (id_aluno, cod_disc, semestre, ano, nota) VALUES (482101150, 38828350, 1, 2018, 4);
INSERT INTO historico_escolar (id_aluno, cod_disc, semestre, ano, nota) VALUES (482101150, 38828350, 1, 2018, 7);
INSERT INTO historico_escolar (id_aluno, cod_disc, semestre, ano, nota) VALUES (482101150, 38828350, 1, 2018, 7);
INSERT INTO historico_escolar (id_aluno, cod_disc, semestre, ano, nota) VALUES (482101150, 72876574, 7, 2022, 10);
INSERT INTO historico_escolar (id_aluno, cod_disc, semestre, ano, nota) VALUES (482101150, 72876574, 7, 2022, 7);
INSERT INTO historico_escolar (id_aluno, cod_disc, semestre, ano, nota) VALUES (799161828, 56809579, 8, 2023, 2);
INSERT INTO historico_escolar (id_aluno, cod_disc, semestre, ano, nota) VALUES (799161828, 35630293, 7, 2022, 1);
INSERT INTO historico_escolar (id_aluno, cod_disc, semestre, ano, nota) VALUES (799161828, 30048698, 1, 2018, 4);
INSERT INTO historico_escolar (id_aluno, cod_disc, semestre, ano, nota) VALUES (799161828, 56809579, 1, 2018, 2);
INSERT INTO historico_escolar (id_aluno, cod_disc, semestre, ano, nota) VALUES (799161828, 72876574, 3, 2019, 7);
INSERT INTO historico_escolar (id_aluno, cod_disc, semestre, ano, nota) VALUES (799161828, 30048698, 7, 2022, 2);
INSERT INTO historico_escolar (id_aluno, cod_disc, semestre, ano, nota) VALUES (827757950, 75059811, 5, 2021, 6);
INSERT INTO historico_escolar (id_aluno, cod_disc, semestre, ano, nota) VALUES (827757950, 72876574, 3, 2019, 10);
INSERT INTO historico_escolar (id_aluno, cod_disc, semestre, ano, nota) VALUES (827757950, 72876574, 1, 2018, 4);
INSERT INTO historico_escolar (id_aluno, cod_disc, semestre, ano, nota) VALUES (827757950, 35630293, 7, 2022, 4);
INSERT INTO historico_escolar (id_aluno, cod_disc, semestre, ano, nota) VALUES (827757950, 56809579, 2, 2018, 9);
INSERT INTO historico_escolar (id_aluno, cod_disc, semestre, ano, nota) VALUES (827757950, 70237098, 3, 2019, 1);
INSERT INTO historico_escolar (id_aluno, cod_disc, semestre, ano, nota) VALUES (817769576, 72876574, 6, 2021, 2);
INSERT INTO historico_escolar (id_aluno, cod_disc, semestre, ano, nota) VALUES (817769576, 35630293, 3, 2019, 9);
INSERT INTO historico_escolar (id_aluno, cod_disc, semestre, ano, nota) VALUES (817769576, 30048698, 4, 2020, 6);
INSERT INTO historico_escolar (id_aluno, cod_disc, semestre, ano, nota) VALUES (817769576, 30048698, 7, 2022, 10);
INSERT INTO historico_escolar (id_aluno, cod_disc, semestre, ano, nota) VALUES (817769576, 56809579, 2, 2018, 1);
INSERT INTO historico_escolar (id_aluno, cod_disc, semestre, ano, nota) VALUES (817769576, 35630293, 1, 2018, 3);
INSERT INTO historico_escolar (id_aluno, cod_disc, semestre, ano, nota) VALUES (399901853, 75059811, 8, 2023, 9);
INSERT INTO historico_escolar (id_aluno, cod_disc, semestre, ano, nota) VALUES (399901853, 70237098, 7, 2022, 7);
INSERT INTO historico_escolar (id_aluno, cod_disc, semestre, ano, nota) VALUES (399901853, 75059811, 1, 2018, 2);
INSERT INTO historico_escolar (id_aluno, cod_disc, semestre, ano, nota) VALUES (399901853, 30048698, 7, 2022, 9);
INSERT INTO historico_escolar (id_aluno, cod_disc, semestre, ano, nota) VALUES (399901853, 56809579, 8, 2023, 7);
INSERT INTO historico_escolar (id_aluno, cod_disc, semestre, ano, nota) VALUES (399901853, 70237098, 5, 2021, 10);
INSERT INTO historico_escolar (id_aluno, cod_disc, semestre, ano, nota) VALUES (505560564, 56809579, 2, 2018, 9);
INSERT INTO historico_escolar (id_aluno, cod_disc, semestre, ano, nota) VALUES (505560564, 72876574, 2, 2018, 5);
INSERT INTO historico_escolar (id_aluno, cod_disc, semestre, ano, nota) VALUES (505560564, 75059811, 8, 2023, 10);
INSERT INTO historico_escolar (id_aluno, cod_disc, semestre, ano, nota) VALUES (505560564, 75059811, 5, 2021, 4);
INSERT INTO historico_escolar (id_aluno, cod_disc, semestre, ano, nota) VALUES (505560564, 30048698, 3, 2019, 3);
INSERT INTO historico_escolar (id_aluno, cod_disc, semestre, ano, nota) VALUES (505560564, 35630293, 7, 2022, 1);
INSERT INTO historico_escolar (id_aluno, cod_disc, semestre, ano, nota) VALUES (008412257, 75059811, 8, 2023, 8);
INSERT INTO historico_escolar (id_aluno, cod_disc, semestre, ano, nota) VALUES (008412257, 30048698, 4, 2020, 8);
INSERT INTO historico_escolar (id_aluno, cod_disc, semestre, ano, nota) VALUES (008412257, 35630293, 3, 2019, 5);
INSERT INTO historico_escolar (id_aluno, cod_disc, semestre, ano, nota) VALUES (008412257, 30048698, 8, 2023, 10);
INSERT INTO historico_escolar (id_aluno, cod_disc, semestre, ano, nota) VALUES (008412257, 72876574, 6, 2021, 0);
INSERT INTO historico_escolar (id_aluno, cod_disc, semestre, ano, nota) VALUES (008412257, 72876574, 5, 2021, 1);
INSERT INTO historico_escolar (id_aluno, cod_disc, semestre, ano, nota) VALUES (762084860, 72876574, 2, 2018, 3);
INSERT INTO historico_escolar (id_aluno, cod_disc, semestre, ano, nota) VALUES (762084860, 70237098, 1, 2018, 2);
INSERT INTO historico_escolar (id_aluno, cod_disc, semestre, ano, nota) VALUES (762084860, 70237098, 3, 2019, 9);
INSERT INTO historico_escolar (id_aluno, cod_disc, semestre, ano, nota) VALUES (762084860, 72876574, 8, 2023, 3);
INSERT INTO historico_escolar (id_aluno, cod_disc, semestre, ano, nota) VALUES (762084860, 72876574, 1, 2018, 2);
INSERT INTO historico_escolar (id_aluno, cod_disc, semestre, ano, nota) VALUES (762084860, 56809579, 7, 2022, 3);
INSERT INTO historico_escolar (id_aluno, cod_disc, semestre, ano, nota) VALUES (180599490, 70237098, 5, 2021, 1);
INSERT INTO historico_escolar (id_aluno, cod_disc, semestre, ano, nota) VALUES (180599490, 30048698, 5, 2021, 3);
INSERT INTO historico_escolar (id_aluno, cod_disc, semestre, ano, nota) VALUES (180599490, 30048698, 3, 2019, 3);
INSERT INTO historico_escolar (id_aluno, cod_disc, semestre, ano, nota) VALUES (180599490, 35630293, 6, 2021, 3);
INSERT INTO historico_escolar (id_aluno, cod_disc, semestre, ano, nota) VALUES (180599490, 70237098, 3, 2019, 5);
INSERT INTO historico_escolar (id_aluno, cod_disc, semestre, ano, nota) VALUES (180599490, 56809579, 8, 2023, 9);
INSERT INTO historico_escolar (id_aluno, cod_disc, semestre, ano, nota) VALUES (628259162, 30048698, 2, 2018, 5);
INSERT INTO historico_escolar (id_aluno, cod_disc, semestre, ano, nota) VALUES (628259162, 38828350, 8, 2023, 0);
INSERT INTO historico_escolar (id_aluno, cod_disc, semestre, ano, nota) VALUES (628259162, 70237098, 6, 2021, 8);
INSERT INTO historico_escolar (id_aluno, cod_disc, semestre, ano, nota) VALUES (628259162, 35630293, 8, 2023, 2);
INSERT INTO historico_escolar (id_aluno, cod_disc, semestre, ano, nota) VALUES (628259162, 38828350, 4, 2020, 1);
INSERT INTO historico_escolar (id_aluno, cod_disc, semestre, ano, nota) VALUES (628259162, 56809579, 8, 2023, 3);
INSERT INTO historico_escolar (id_aluno, cod_disc, semestre, ano, nota) VALUES (930685475, 35630293, 5, 2021, 7);
INSERT INTO historico_escolar (id_aluno, cod_disc, semestre, ano, nota) VALUES (930685475, 75059811, 7, 2022, 9);
INSERT INTO historico_escolar (id_aluno, cod_disc, semestre, ano, nota) VALUES (930685475, 35630293, 4, 2020, 4);
INSERT INTO historico_escolar (id_aluno, cod_disc, semestre, ano, nota) VALUES (930685475, 72876574, 6, 2021, 3);
INSERT INTO historico_escolar (id_aluno, cod_disc, semestre, ano, nota) VALUES (930685475, 70237098, 6, 2021, 9);
INSERT INTO historico_escolar (id_aluno, cod_disc, semestre, ano, nota) VALUES (930685475, 38828350, 5, 2021, 8);
INSERT INTO historico_escolar (id_aluno, cod_disc, semestre, ano, nota) VALUES (159459569, 35630293, 1, 2018, 7);
INSERT INTO historico_escolar (id_aluno, cod_disc, semestre, ano, nota) VALUES (159459569, 38828350, 5, 2021, 10);
INSERT INTO historico_escolar (id_aluno, cod_disc, semestre, ano, nota) VALUES (159459569, 56809579, 8, 2023, 10);
INSERT INTO historico_escolar (id_aluno, cod_disc, semestre, ano, nota) VALUES (159459569, 75059811, 2, 2018, 6);
INSERT INTO historico_escolar (id_aluno, cod_disc, semestre, ano, nota) VALUES (159459569, 72876574, 6, 2021, 5);
INSERT INTO historico_escolar (id_aluno, cod_disc, semestre, ano, nota) VALUES (159459569, 75059811, 3, 2019, 6);
INSERT INTO historico_escolar (id_aluno, cod_disc, semestre, ano, nota) VALUES (274954775, 72876574, 7, 2022, 10);
INSERT INTO historico_escolar (id_aluno, cod_disc, semestre, ano, nota) VALUES (274954775, 38828350, 5, 2021, 5);
INSERT INTO historico_escolar (id_aluno, cod_disc, semestre, ano, nota) VALUES (274954775, 35630293, 7, 2022, 0);
INSERT INTO historico_escolar (id_aluno, cod_disc, semestre, ano, nota) VALUES (274954775, 70237098, 4, 2020, 0);
INSERT INTO historico_escolar (id_aluno, cod_disc, semestre, ano, nota) VALUES (274954775, 56809579, 6, 2021, 1);
INSERT INTO historico_escolar (id_aluno, cod_disc, semestre, ano, nota) VALUES (274954775, 30048698, 6, 2021, 1);
INSERT INTO historico_escolar (id_aluno, cod_disc, semestre, ano, nota) VALUES (889610747, 35630293, 1, 2018, 0);
INSERT INTO historico_escolar (id_aluno, cod_disc, semestre, ano, nota) VALUES (889610747, 75059811, 5, 2021, 1);
INSERT INTO historico_escolar (id_aluno, cod_disc, semestre, ano, nota) VALUES (889610747, 70237098, 6, 2021, 10);
INSERT INTO historico_escolar (id_aluno, cod_disc, semestre, ano, nota) VALUES (889610747, 38828350, 2, 2018, 0);
INSERT INTO historico_escolar (id_aluno, cod_disc, semestre, ano, nota) VALUES (889610747, 72876574, 3, 2019, 7);
INSERT INTO historico_escolar (id_aluno, cod_disc, semestre, ano, nota) VALUES (889610747, 72876574, 5, 2021, 3);
INSERT INTO historico_escolar (id_aluno, cod_disc, semestre, ano, nota) VALUES (263792258, 70237098, 4, 2020, 9);
INSERT INTO historico_escolar (id_aluno, cod_disc, semestre, ano, nota) VALUES (263792258, 56809579, 7, 2022, 1);
INSERT INTO historico_escolar (id_aluno, cod_disc, semestre, ano, nota) VALUES (263792258, 72876574, 5, 2021, 5);
INSERT INTO historico_escolar (id_aluno, cod_disc, semestre, ano, nota) VALUES (263792258, 72876574, 5, 2021, 6);
INSERT INTO historico_escolar (id_aluno, cod_disc, semestre, ano, nota) VALUES (263792258, 38828350, 8, 2023, 0);
INSERT INTO historico_escolar (id_aluno, cod_disc, semestre, ano, nota) VALUES (263792258, 35630293, 2, 2018, 1);
INSERT INTO historico_escolar (id_aluno, cod_disc, semestre, ano, nota) VALUES (960416137, 56809579, 5, 2021, 10);
INSERT INTO historico_escolar (id_aluno, cod_disc, semestre, ano, nota) VALUES (960416137, 70237098, 1, 2018, 9);
INSERT INTO historico_escolar (id_aluno, cod_disc, semestre, ano, nota) VALUES (960416137, 72876574, 3, 2019, 2);
INSERT INTO historico_escolar (id_aluno, cod_disc, semestre, ano, nota) VALUES (960416137, 35630293, 8, 2023, 2);
INSERT INTO historico_escolar (id_aluno, cod_disc, semestre, ano, nota) VALUES (960416137, 72876574, 3, 2019, 8);
INSERT INTO historico_escolar (id_aluno, cod_disc, semestre, ano, nota) VALUES (960416137, 30048698, 5, 2021, 8);
INSERT INTO historico_escolar (id_aluno, cod_disc, semestre, ano, nota) VALUES (641545565, 35630293, 4, 2020, 10);
INSERT INTO historico_escolar (id_aluno, cod_disc, semestre, ano, nota) VALUES (641545565, 75059811, 6, 2021, 7);
INSERT INTO historico_escolar (id_aluno, cod_disc, semestre, ano, nota) VALUES (641545565, 75059811, 4, 2020, 2);
INSERT INTO historico_escolar (id_aluno, cod_disc, semestre, ano, nota) VALUES (641545565, 38828350, 1, 2018, 7);
INSERT INTO historico_escolar (id_aluno, cod_disc, semestre, ano, nota) VALUES (641545565, 35630293, 7, 2022, 10);
INSERT INTO historico_escolar (id_aluno, cod_disc, semestre, ano, nota) VALUES (641545565, 38828350, 6, 2021, 8);
INSERT INTO historico_escolar (id_aluno, cod_disc, semestre, ano, nota) VALUES (179053150, 35630293, 7, 2022, 10);
INSERT INTO historico_escolar (id_aluno, cod_disc, semestre, ano, nota) VALUES (179053150, 56809579, 2, 2018, 3);
INSERT INTO historico_escolar (id_aluno, cod_disc, semestre, ano, nota) VALUES (179053150, 38828350, 1, 2018, 2);
INSERT INTO historico_escolar (id_aluno, cod_disc, semestre, ano, nota) VALUES (179053150, 38828350, 3, 2019, 8);
INSERT INTO historico_escolar (id_aluno, cod_disc, semestre, ano, nota) VALUES (179053150, 72876574, 8, 2023, 4);
INSERT INTO historico_escolar (id_aluno, cod_disc, semestre, ano, nota) VALUES (179053150, 72876574, 8, 2023, 3);
INSERT INTO historico_escolar (id_aluno, cod_disc, semestre, ano, nota) VALUES (617294569, 56809579, 3, 2019, 3);
INSERT INTO historico_escolar (id_aluno, cod_disc, semestre, ano, nota) VALUES (617294569, 75059811, 8, 2023, 5);
INSERT INTO historico_escolar (id_aluno, cod_disc, semestre, ano, nota) VALUES (617294569, 72876574, 7, 2022, 8);
INSERT INTO historico_escolar (id_aluno, cod_disc, semestre, ano, nota) VALUES (617294569, 30048698, 1, 2018, 1);
INSERT INTO historico_escolar (id_aluno, cod_disc, semestre, ano, nota) VALUES (617294569, 35630293, 4, 2020, 1);
INSERT INTO historico_escolar (id_aluno, cod_disc, semestre, ano, nota) VALUES (617294569, 72876574, 3, 2019, 7);
INSERT INTO historico_escolar (id_aluno, cod_disc, semestre, ano, nota) VALUES (958523888, 30048698, 6, 2021, 5);
INSERT INTO historico_escolar (id_aluno, cod_disc, semestre, ano, nota) VALUES (958523888, 72876574, 2, 2018, 2);
INSERT INTO historico_escolar (id_aluno, cod_disc, semestre, ano, nota) VALUES (958523888, 35630293, 5, 2021, 5);
INSERT INTO historico_escolar (id_aluno, cod_disc, semestre, ano, nota) VALUES (958523888, 72876574, 1, 2018, 5);
INSERT INTO historico_escolar (id_aluno, cod_disc, semestre, ano, nota) VALUES (958523888, 35630293, 4, 2020, 9);
INSERT INTO historico_escolar (id_aluno, cod_disc, semestre, ano, nota) VALUES (958523888, 30048698, 8, 2023, 5);
INSERT INTO historico_escolar (id_aluno, cod_disc, semestre, ano, nota) VALUES (818509521, 30048698, 4, 2020, 1);
INSERT INTO historico_escolar (id_aluno, cod_disc, semestre, ano, nota) VALUES (818509521, 72876574, 5, 2021, 3);
INSERT INTO historico_escolar (id_aluno, cod_disc, semestre, ano, nota) VALUES (818509521, 35630293, 3, 2019, 10);
INSERT INTO historico_escolar (id_aluno, cod_disc, semestre, ano, nota) VALUES (818509521, 75059811, 7, 2022, 1);
INSERT INTO historico_escolar (id_aluno, cod_disc, semestre, ano, nota) VALUES (818509521, 35630293, 4, 2020, 5);
INSERT INTO historico_escolar (id_aluno, cod_disc, semestre, ano, nota) VALUES (818509521, 38828350, 6, 2021, 8);
INSERT INTO historico_escolar (id_aluno, cod_disc, semestre, ano, nota) VALUES (279365313, 72876574, 2, 2018, 10);
INSERT INTO historico_escolar (id_aluno, cod_disc, semestre, ano, nota) VALUES (279365313, 72876574, 6, 2021, 5);
INSERT INTO historico_escolar (id_aluno, cod_disc, semestre, ano, nota) VALUES (279365313, 72876574, 4, 2020, 1);
INSERT INTO historico_escolar (id_aluno, cod_disc, semestre, ano, nota) VALUES (279365313, 30048698, 2, 2018, 1);
INSERT INTO historico_escolar (id_aluno, cod_disc, semestre, ano, nota) VALUES (279365313, 56809579, 7, 2022, 2);
INSERT INTO historico_escolar (id_aluno, cod_disc, semestre, ano, nota) VALUES (279365313, 72876574, 4, 2020, 0);
INSERT INTO historico_escolar (id_aluno, cod_disc, semestre, ano, nota) VALUES (993832687, 30048698, 1, 2018, 3);
INSERT INTO historico_escolar (id_aluno, cod_disc, semestre, ano, nota) VALUES (993832687, 70237098, 4, 2020, 2);
INSERT INTO historico_escolar (id_aluno, cod_disc, semestre, ano, nota) VALUES (993832687, 56809579, 7, 2022, 2);
INSERT INTO historico_escolar (id_aluno, cod_disc, semestre, ano, nota) VALUES (993832687, 30048698, 7, 2022, 7);
INSERT INTO historico_escolar (id_aluno, cod_disc, semestre, ano, nota) VALUES (993832687, 38828350, 8, 2023, 9);
INSERT INTO historico_escolar (id_aluno, cod_disc, semestre, ano, nota) VALUES (993832687, 56809579, 7, 2022, 6);
INSERT INTO historico_escolar (id_aluno, cod_disc, semestre, ano, nota) VALUES (876606520, 30048698, 4, 2020, 4);
INSERT INTO historico_escolar (id_aluno, cod_disc, semestre, ano, nota) VALUES (876606520, 35630293, 7, 2022, 0);
INSERT INTO historico_escolar (id_aluno, cod_disc, semestre, ano, nota) VALUES (876606520, 56809579, 6, 2021, 6);
INSERT INTO historico_escolar (id_aluno, cod_disc, semestre, ano, nota) VALUES (876606520, 38828350, 8, 2023, 5);
INSERT INTO historico_escolar (id_aluno, cod_disc, semestre, ano, nota) VALUES (876606520, 75059811, 3, 2019, 1);
INSERT INTO historico_escolar (id_aluno, cod_disc, semestre, ano, nota) VALUES (876606520, 75059811, 6, 2021, 8);
INSERT INTO historico_escolar (id_aluno, cod_disc, semestre, ano, nota) VALUES (496180500, 72876574, 7, 2022, 2);
INSERT INTO historico_escolar (id_aluno, cod_disc, semestre, ano, nota) VALUES (496180500, 35630293, 7, 2022, 5);
INSERT INTO historico_escolar (id_aluno, cod_disc, semestre, ano, nota) VALUES (496180500, 75059811, 8, 2023, 5);
INSERT INTO historico_escolar (id_aluno, cod_disc, semestre, ano, nota) VALUES (496180500, 30048698, 4, 2020, 1);
INSERT INTO historico_escolar (id_aluno, cod_disc, semestre, ano, nota) VALUES (496180500, 70237098, 5, 2021, 0);
INSERT INTO historico_escolar (id_aluno, cod_disc, semestre, ano, nota) VALUES (496180500, 72876574, 2, 2018, 6);
INSERT INTO historico_escolar (id_aluno, cod_disc, semestre, ano, nota) VALUES (494719562, 35630293, 5, 2021, 7);
INSERT INTO historico_escolar (id_aluno, cod_disc, semestre, ano, nota) VALUES (494719562, 75059811, 6, 2021, 7);
INSERT INTO historico_escolar (id_aluno, cod_disc, semestre, ano, nota) VALUES (494719562, 72876574, 6, 2021, 6);
INSERT INTO historico_escolar (id_aluno, cod_disc, semestre, ano, nota) VALUES (494719562, 70237098, 7, 2022, 8);
INSERT INTO historico_escolar (id_aluno, cod_disc, semestre, ano, nota) VALUES (494719562, 35630293, 4, 2020, 9);
INSERT INTO historico_escolar (id_aluno, cod_disc, semestre, ano, nota) VALUES (494719562, 56809579, 4, 2020, 10);
INSERT INTO historico_escolar (id_aluno, cod_disc, semestre, ano, nota) VALUES (432373275, 70237098, 7, 2022, 7);
INSERT INTO historico_escolar (id_aluno, cod_disc, semestre, ano, nota) VALUES (432373275, 56809579, 7, 2022, 0);
INSERT INTO historico_escolar (id_aluno, cod_disc, semestre, ano, nota) VALUES (432373275, 72876574, 4, 2020, 2);
INSERT INTO historico_escolar (id_aluno, cod_disc, semestre, ano, nota) VALUES (432373275, 38828350, 3, 2019, 6);
INSERT INTO historico_escolar (id_aluno, cod_disc, semestre, ano, nota) VALUES (432373275, 70237098, 3, 2019, 3);
INSERT INTO historico_escolar (id_aluno, cod_disc, semestre, ano, nota) VALUES (432373275, 75059811, 5, 2021, 4);
INSERT INTO historico_escolar (id_aluno, cod_disc, semestre, ano, nota) VALUES (528502488, 30048698, 8, 2023, 4);
INSERT INTO historico_escolar (id_aluno, cod_disc, semestre, ano, nota) VALUES (528502488, 75059811, 1, 2018, 8);
INSERT INTO historico_escolar (id_aluno, cod_disc, semestre, ano, nota) VALUES (528502488, 75059811, 2, 2018, 6);
INSERT INTO historico_escolar (id_aluno, cod_disc, semestre, ano, nota) VALUES (528502488, 70237098, 1, 2018, 5);
INSERT INTO historico_escolar (id_aluno, cod_disc, semestre, ano, nota) VALUES (528502488, 38828350, 4, 2020, 6);
INSERT INTO historico_escolar (id_aluno, cod_disc, semestre, ano, nota) VALUES (528502488, 75059811, 8, 2023, 1);
INSERT INTO historico_escolar (id_aluno, cod_disc, semestre, ano, nota) VALUES (950658517, 75059811, 8, 2023, 4);
INSERT INTO historico_escolar (id_aluno, cod_disc, semestre, ano, nota) VALUES (950658517, 38828350, 5, 2021, 3);
INSERT INTO historico_escolar (id_aluno, cod_disc, semestre, ano, nota) VALUES (950658517, 30048698, 1, 2018, 6);
INSERT INTO historico_escolar (id_aluno, cod_disc, semestre, ano, nota) VALUES (950658517, 72876574, 2, 2018, 3);
INSERT INTO historico_escolar (id_aluno, cod_disc, semestre, ano, nota) VALUES (950658517, 30048698, 4, 2020, 8);
INSERT INTO historico_escolar (id_aluno, cod_disc, semestre, ano, nota) VALUES (950658517, 35630293, 6, 2021, 10);
INSERT INTO historico_escolar (id_aluno, cod_disc, semestre, ano, nota) VALUES (407779144, 70237098, 1, 2018, 5);
INSERT INTO historico_escolar (id_aluno, cod_disc, semestre, ano, nota) VALUES (407779144, 70237098, 6, 2021, 2);
INSERT INTO historico_escolar (id_aluno, cod_disc, semestre, ano, nota) VALUES (407779144, 38828350, 8, 2023, 6);
INSERT INTO historico_escolar (id_aluno, cod_disc, semestre, ano, nota) VALUES (407779144, 75059811, 2, 2018, 3);
INSERT INTO historico_escolar (id_aluno, cod_disc, semestre, ano, nota) VALUES (407779144, 72876574, 7, 2022, 1);
INSERT INTO historico_escolar (id_aluno, cod_disc, semestre, ano, nota) VALUES (407779144, 38828350, 6, 2021, 10);
INSERT INTO historico_escolar (id_aluno, cod_disc, semestre, ano, nota) VALUES (440991444, 70237098, 8, 2023, 7);
INSERT INTO historico_escolar (id_aluno, cod_disc, semestre, ano, nota) VALUES (440991444, 72876574, 4, 2020, 0);
INSERT INTO historico_escolar (id_aluno, cod_disc, semestre, ano, nota) VALUES (440991444, 56809579, 4, 2020, 2);
INSERT INTO historico_escolar (id_aluno, cod_disc, semestre, ano, nota) VALUES (440991444, 35630293, 4, 2020, 4);
INSERT INTO historico_escolar (id_aluno, cod_disc, semestre, ano, nota) VALUES (440991444, 70237098, 1, 2018, 10);
INSERT INTO historico_escolar (id_aluno, cod_disc, semestre, ano, nota) VALUES (440991444, 30048698, 8, 2023, 7);
INSERT INTO historico_escolar (id_aluno, cod_disc, semestre, ano, nota) VALUES (643688103, 75059811, 8, 2023, 6);
INSERT INTO historico_escolar (id_aluno, cod_disc, semestre, ano, nota) VALUES (643688103, 72876574, 4, 2020, 6);
INSERT INTO historico_escolar (id_aluno, cod_disc, semestre, ano, nota) VALUES (643688103, 30048698, 4, 2020, 5);
INSERT INTO historico_escolar (id_aluno, cod_disc, semestre, ano, nota) VALUES (643688103, 56809579, 7, 2022, 6);
INSERT INTO historico_escolar (id_aluno, cod_disc, semestre, ano, nota) VALUES (643688103, 72876574, 6, 2021, 3);
INSERT INTO historico_escolar (id_aluno, cod_disc, semestre, ano, nota) VALUES (643688103, 72876574, 7, 2022, 3);
INSERT INTO historico_escolar (id_aluno, cod_disc, semestre, ano, nota) VALUES (327881245, 30048698, 5, 2021, 4);
INSERT INTO historico_escolar (id_aluno, cod_disc, semestre, ano, nota) VALUES (327881245, 72876574, 1, 2018, 2);
INSERT INTO historico_escolar (id_aluno, cod_disc, semestre, ano, nota) VALUES (327881245, 70237098, 4, 2020, 6);
INSERT INTO historico_escolar (id_aluno, cod_disc, semestre, ano, nota) VALUES (327881245, 72876574, 5, 2021, 3);
INSERT INTO historico_escolar (id_aluno, cod_disc, semestre, ano, nota) VALUES (327881245, 38828350, 5, 2021, 6);
INSERT INTO historico_escolar (id_aluno, cod_disc, semestre, ano, nota) VALUES (327881245, 56809579, 3, 2019, 5);
INSERT INTO historico_escolar (id_aluno, cod_disc, semestre, ano, nota) VALUES (111802836, 56809579, 3, 2019, 1);
INSERT INTO historico_escolar (id_aluno, cod_disc, semestre, ano, nota) VALUES (111802836, 30048698, 1, 2018, 5);
INSERT INTO historico_escolar (id_aluno, cod_disc, semestre, ano, nota) VALUES (111802836, 75059811, 3, 2019, 9);
INSERT INTO historico_escolar (id_aluno, cod_disc, semestre, ano, nota) VALUES (111802836, 70237098, 5, 2021, 3);
INSERT INTO historico_escolar (id_aluno, cod_disc, semestre, ano, nota) VALUES (111802836, 72876574, 7, 2022, 9);
INSERT INTO historico_escolar (id_aluno, cod_disc, semestre, ano, nota) VALUES (111802836, 38828350, 6, 2021, 2);
INSERT INTO historico_escolar (id_aluno, cod_disc, semestre, ano, nota) VALUES (148970376, 56809579, 5, 2021, 1);
INSERT INTO historico_escolar (id_aluno, cod_disc, semestre, ano, nota) VALUES (148970376, 30048698, 8, 2023, 9);
INSERT INTO historico_escolar (id_aluno, cod_disc, semestre, ano, nota) VALUES (148970376, 70237098, 7, 2022, 2);
INSERT INTO historico_escolar (id_aluno, cod_disc, semestre, ano, nota) VALUES (148970376, 35630293, 8, 2023, 8);
INSERT INTO historico_escolar (id_aluno, cod_disc, semestre, ano, nota) VALUES (148970376, 35630293, 2, 2018, 10);
INSERT INTO historico_escolar (id_aluno, cod_disc, semestre, ano, nota) VALUES (148970376, 38828350, 8, 2023, 0);
INSERT INTO historico_escolar (id_aluno, cod_disc, semestre, ano, nota) VALUES (254216367, 72876574, 5, 2021, 2);
INSERT INTO historico_escolar (id_aluno, cod_disc, semestre, ano, nota) VALUES (254216367, 72876574, 8, 2023, 3);
INSERT INTO historico_escolar (id_aluno, cod_disc, semestre, ano, nota) VALUES (254216367, 75059811, 7, 2022, 0);
INSERT INTO historico_escolar (id_aluno, cod_disc, semestre, ano, nota) VALUES (254216367, 56809579, 7, 2022, 10);
INSERT INTO historico_escolar (id_aluno, cod_disc, semestre, ano, nota) VALUES (254216367, 70237098, 8, 2023, 2);
INSERT INTO historico_escolar (id_aluno, cod_disc, semestre, ano, nota) VALUES (254216367, 56809579, 2, 2018, 7);
INSERT INTO historico_escolar (id_aluno, cod_disc, semestre, ano, nota) VALUES (597911513, 30048698, 6, 2021, 6);
INSERT INTO historico_escolar (id_aluno, cod_disc, semestre, ano, nota) VALUES (597911513, 56809579, 7, 2022, 8);
INSERT INTO historico_escolar (id_aluno, cod_disc, semestre, ano, nota) VALUES (597911513, 72876574, 3, 2019, 4);
INSERT INTO historico_escolar (id_aluno, cod_disc, semestre, ano, nota) VALUES (597911513, 35630293, 7, 2022, 10);
INSERT INTO historico_escolar (id_aluno, cod_disc, semestre, ano, nota) VALUES (597911513, 30048698, 7, 2022, 1);
INSERT INTO historico_escolar (id_aluno, cod_disc, semestre, ano, nota) VALUES (597911513, 72876574, 3, 2019, 9);
INSERT INTO historico_escolar (id_aluno, cod_disc, semestre, ano, nota) VALUES (420050301, 38828350, 5, 2021, 4);
INSERT INTO historico_escolar (id_aluno, cod_disc, semestre, ano, nota) VALUES (420050301, 56809579, 7, 2022, 3);
INSERT INTO historico_escolar (id_aluno, cod_disc, semestre, ano, nota) VALUES (420050301, 38828350, 1, 2018, 3);
INSERT INTO historico_escolar (id_aluno, cod_disc, semestre, ano, nota) VALUES (420050301, 70237098, 5, 2021, 0);
INSERT INTO historico_escolar (id_aluno, cod_disc, semestre, ano, nota) VALUES (420050301, 30048698, 4, 2020, 0);
INSERT INTO historico_escolar (id_aluno, cod_disc, semestre, ano, nota) VALUES (420050301, 75059811, 8, 2023, 1);
INSERT INTO historico_escolar (id_aluno, cod_disc, semestre, ano, nota) VALUES (702304414, 72876574, 1, 2018, 0);
INSERT INTO historico_escolar (id_aluno, cod_disc, semestre, ano, nota) VALUES (702304414, 30048698, 8, 2023, 6);
INSERT INTO historico_escolar (id_aluno, cod_disc, semestre, ano, nota) VALUES (702304414, 72876574, 4, 2020, 3);
INSERT INTO historico_escolar (id_aluno, cod_disc, semestre, ano, nota) VALUES (702304414, 72876574, 8, 2023, 1);
INSERT INTO historico_escolar (id_aluno, cod_disc, semestre, ano, nota) VALUES (702304414, 56809579, 7, 2022, 7);
INSERT INTO historico_escolar (id_aluno, cod_disc, semestre, ano, nota) VALUES (702304414, 38828350, 7, 2022, 2);
INSERT INTO historico_escolar (id_aluno, cod_disc, semestre, ano, nota) VALUES (870608447, 75059811, 1, 2018, 8);
INSERT INTO historico_escolar (id_aluno, cod_disc, semestre, ano, nota) VALUES (870608447, 30048698, 3, 2019, 0);
INSERT INTO historico_escolar (id_aluno, cod_disc, semestre, ano, nota) VALUES (870608447, 72876574, 3, 2019, 0);
INSERT INTO historico_escolar (id_aluno, cod_disc, semestre, ano, nota) VALUES (870608447, 56809579, 4, 2020, 10);
INSERT INTO historico_escolar (id_aluno, cod_disc, semestre, ano, nota) VALUES (870608447, 70237098, 4, 2020, 0);
INSERT INTO historico_escolar (id_aluno, cod_disc, semestre, ano, nota) VALUES (870608447, 56809579, 3, 2019, 10);
INSERT INTO historico_escolar (id_aluno, cod_disc, semestre, ano, nota) VALUES (062130665, 35630293, 1, 2018, 3);
INSERT INTO historico_escolar (id_aluno, cod_disc, semestre, ano, nota) VALUES (062130665, 30048698, 2, 2018, 0);
INSERT INTO historico_escolar (id_aluno, cod_disc, semestre, ano, nota) VALUES (062130665, 30048698, 1, 2018, 4);
INSERT INTO historico_escolar (id_aluno, cod_disc, semestre, ano, nota) VALUES (062130665, 70237098, 8, 2023, 8);
INSERT INTO historico_escolar (id_aluno, cod_disc, semestre, ano, nota) VALUES (062130665, 72876574, 2, 2018, 2);
INSERT INTO historico_escolar (id_aluno, cod_disc, semestre, ano, nota) VALUES (062130665, 75059811, 1, 2018, 9);
INSERT INTO historico_escolar (id_aluno, cod_disc, semestre, ano, nota) VALUES (227283872, 75059811, 2, 2018, 8);
INSERT INTO historico_escolar (id_aluno, cod_disc, semestre, ano, nota) VALUES (227283872, 72876574, 6, 2021, 0);
INSERT INTO historico_escolar (id_aluno, cod_disc, semestre, ano, nota) VALUES (227283872, 70237098, 5, 2021, 8);
INSERT INTO historico_escolar (id_aluno, cod_disc, semestre, ano, nota) VALUES (227283872, 38828350, 3, 2019, 7);
INSERT INTO historico_escolar (id_aluno, cod_disc, semestre, ano, nota) VALUES (227283872, 70237098, 3, 2019, 0);
INSERT INTO historico_escolar (id_aluno, cod_disc, semestre, ano, nota) VALUES (227283872, 30048698, 4, 2020, 9);
INSERT INTO historico_escolar (id_aluno, cod_disc, semestre, ano, nota) VALUES (231998352, 72876574, 8, 2023, 3);
INSERT INTO historico_escolar (id_aluno, cod_disc, semestre, ano, nota) VALUES (231998352, 72876574, 5, 2021, 5);
INSERT INTO historico_escolar (id_aluno, cod_disc, semestre, ano, nota) VALUES (231998352, 72876574, 6, 2021, 3);
INSERT INTO historico_escolar (id_aluno, cod_disc, semestre, ano, nota) VALUES (231998352, 70237098, 1, 2018, 9);
INSERT INTO historico_escolar (id_aluno, cod_disc, semestre, ano, nota) VALUES (231998352, 70237098, 6, 2021, 0);
INSERT INTO historico_escolar (id_aluno, cod_disc, semestre, ano, nota) VALUES (231998352, 30048698, 6, 2021, 5);
INSERT INTO historico_escolar (id_aluno, cod_disc, semestre, ano, nota) VALUES (721451920, 38828350, 6, 2021, 3);
INSERT INTO historico_escolar (id_aluno, cod_disc, semestre, ano, nota) VALUES (721451920, 72876574, 2, 2018, 2);
INSERT INTO historico_escolar (id_aluno, cod_disc, semestre, ano, nota) VALUES (721451920, 38828350, 1, 2018, 2);
INSERT INTO historico_escolar (id_aluno, cod_disc, semestre, ano, nota) VALUES (721451920, 30048698, 1, 2018, 2);
INSERT INTO historico_escolar (id_aluno, cod_disc, semestre, ano, nota) VALUES (721451920, 38828350, 7, 2022, 4);
INSERT INTO historico_escolar (id_aluno, cod_disc, semestre, ano, nota) VALUES (721451920, 72876574, 4, 2020, 1);
INSERT INTO historico_escolar (id_aluno, cod_disc, semestre, ano, nota) VALUES (505090802, 72876574, 4, 2020, 2);
INSERT INTO historico_escolar (id_aluno, cod_disc, semestre, ano, nota) VALUES (505090802, 56809579, 2, 2018, 10);
INSERT INTO historico_escolar (id_aluno, cod_disc, semestre, ano, nota) VALUES (505090802, 38828350, 8, 2023, 8);
INSERT INTO historico_escolar (id_aluno, cod_disc, semestre, ano, nota) VALUES (505090802, 72876574, 5, 2021, 4);
INSERT INTO historico_escolar (id_aluno, cod_disc, semestre, ano, nota) VALUES (505090802, 70237098, 8, 2023, 10);
INSERT INTO historico_escolar (id_aluno, cod_disc, semestre, ano, nota) VALUES (505090802, 70237098, 8, 2023, 3);
INSERT INTO historico_escolar (id_aluno, cod_disc, semestre, ano, nota) VALUES (182552490, 72876574, 2, 2018, 0);
INSERT INTO historico_escolar (id_aluno, cod_disc, semestre, ano, nota) VALUES (182552490, 56809579, 5, 2021, 9);
INSERT INTO historico_escolar (id_aluno, cod_disc, semestre, ano, nota) VALUES (182552490, 70237098, 4, 2020, 1);
INSERT INTO historico_escolar (id_aluno, cod_disc, semestre, ano, nota) VALUES (182552490, 70237098, 3, 2019, 4);
INSERT INTO historico_escolar (id_aluno, cod_disc, semestre, ano, nota) VALUES (182552490, 72876574, 4, 2020, 3);
INSERT INTO historico_escolar (id_aluno, cod_disc, semestre, ano, nota) VALUES (182552490, 70237098, 4, 2020, 6);
INSERT INTO historico_escolar (id_aluno, cod_disc, semestre, ano, nota) VALUES (162641178, 75059811, 8, 2023, 1);
INSERT INTO historico_escolar (id_aluno, cod_disc, semestre, ano, nota) VALUES (162641178, 30048698, 6, 2021, 2);
INSERT INTO historico_escolar (id_aluno, cod_disc, semestre, ano, nota) VALUES (162641178, 35630293, 2, 2018, 10);
INSERT INTO historico_escolar (id_aluno, cod_disc, semestre, ano, nota) VALUES (162641178, 72876574, 2, 2018, 5);
INSERT INTO historico_escolar (id_aluno, cod_disc, semestre, ano, nota) VALUES (162641178, 75059811, 1, 2018, 2);
INSERT INTO historico_escolar (id_aluno, cod_disc, semestre, ano, nota) VALUES (162641178, 70237098, 7, 2022, 5);
INSERT INTO historico_escolar (id_aluno, cod_disc, semestre, ano, nota) VALUES (183492376, 38828350, 1, 2018, 4);
INSERT INTO historico_escolar (id_aluno, cod_disc, semestre, ano, nota) VALUES (183492376, 38828350, 7, 2022, 3);
INSERT INTO historico_escolar (id_aluno, cod_disc, semestre, ano, nota) VALUES (183492376, 70237098, 5, 2021, 2);
INSERT INTO historico_escolar (id_aluno, cod_disc, semestre, ano, nota) VALUES (183492376, 38828350, 1, 2018, 7);
INSERT INTO historico_escolar (id_aluno, cod_disc, semestre, ano, nota) VALUES (183492376, 70237098, 1, 2018, 10);
INSERT INTO historico_escolar (id_aluno, cod_disc, semestre, ano, nota) VALUES (183492376, 75059811, 5, 2021, 1);
INSERT INTO historico_escolar (id_aluno, cod_disc, semestre, ano, nota) VALUES (796819798, 35630293, 8, 2023, 0);
INSERT INTO historico_escolar (id_aluno, cod_disc, semestre, ano, nota) VALUES (796819798, 30048698, 6, 2021, 4);
INSERT INTO historico_escolar (id_aluno, cod_disc, semestre, ano, nota) VALUES (796819798, 35630293, 7, 2022, 10);
INSERT INTO historico_escolar (id_aluno, cod_disc, semestre, ano, nota) VALUES (796819798, 30048698, 8, 2023, 6);
INSERT INTO historico_escolar (id_aluno, cod_disc, semestre, ano, nota) VALUES (796819798, 35630293, 7, 2022, 3);
INSERT INTO historico_escolar (id_aluno, cod_disc, semestre, ano, nota) VALUES (796819798, 75059811, 8, 2023, 6);
INSERT INTO historico_escolar (id_aluno, cod_disc, semestre, ano, nota) VALUES (718569041, 38828350, 3, 2019, 9);
INSERT INTO historico_escolar (id_aluno, cod_disc, semestre, ano, nota) VALUES (718569041, 72876574, 4, 2020, 9);
INSERT INTO historico_escolar (id_aluno, cod_disc, semestre, ano, nota) VALUES (718569041, 38828350, 2, 2018, 0);
INSERT INTO historico_escolar (id_aluno, cod_disc, semestre, ano, nota) VALUES (718569041, 70237098, 3, 2019, 3);
INSERT INTO historico_escolar (id_aluno, cod_disc, semestre, ano, nota) VALUES (718569041, 35630293, 3, 2019, 8);
INSERT INTO historico_escolar (id_aluno, cod_disc, semestre, ano, nota) VALUES (718569041, 56809579, 4, 2020, 3);
INSERT INTO historico_escolar (id_aluno, cod_disc, semestre, ano, nota) VALUES (490760800, 30048698, 3, 2019, 7);
INSERT INTO historico_escolar (id_aluno, cod_disc, semestre, ano, nota) VALUES (490760800, 38828350, 5, 2021, 0);
INSERT INTO historico_escolar (id_aluno, cod_disc, semestre, ano, nota) VALUES (490760800, 72876574, 4, 2020, 0);
INSERT INTO historico_escolar (id_aluno, cod_disc, semestre, ano, nota) VALUES (490760800, 38828350, 5, 2021, 4);
INSERT INTO historico_escolar (id_aluno, cod_disc, semestre, ano, nota) VALUES (490760800, 30048698, 1, 2018, 1);
INSERT INTO historico_escolar (id_aluno, cod_disc, semestre, ano, nota) VALUES (490760800, 70237098, 1, 2018, 7);
INSERT INTO historico_escolar (id_aluno, cod_disc, semestre, ano, nota) VALUES (575718266, 38828350, 5, 2021, 7);
INSERT INTO historico_escolar (id_aluno, cod_disc, semestre, ano, nota) VALUES (575718266, 75059811, 4, 2020, 10);
INSERT INTO historico_escolar (id_aluno, cod_disc, semestre, ano, nota) VALUES (575718266, 30048698, 8, 2023, 0);
INSERT INTO historico_escolar (id_aluno, cod_disc, semestre, ano, nota) VALUES (575718266, 38828350, 5, 2021, 5);
INSERT INTO historico_escolar (id_aluno, cod_disc, semestre, ano, nota) VALUES (575718266, 35630293, 6, 2021, 1);
INSERT INTO historico_escolar (id_aluno, cod_disc, semestre, ano, nota) VALUES (575718266, 75059811, 3, 2019, 9);
INSERT INTO historico_escolar (id_aluno, cod_disc, semestre, ano, nota) VALUES (673726853, 75059811, 7, 2022, 10);
INSERT INTO historico_escolar (id_aluno, cod_disc, semestre, ano, nota) VALUES (673726853, 35630293, 1, 2018, 5);
INSERT INTO historico_escolar (id_aluno, cod_disc, semestre, ano, nota) VALUES (673726853, 30048698, 6, 2021, 8);
INSERT INTO historico_escolar (id_aluno, cod_disc, semestre, ano, nota) VALUES (673726853, 70237098, 1, 2018, 4);
INSERT INTO historico_escolar (id_aluno, cod_disc, semestre, ano, nota) VALUES (673726853, 38828350, 3, 2019, 5);
INSERT INTO historico_escolar (id_aluno, cod_disc, semestre, ano, nota) VALUES (673726853, 35630293, 3, 2019, 0);
INSERT INTO historico_escolar (id_aluno, cod_disc, semestre, ano, nota) VALUES (467541531, 38828350, 8, 2023, 8);
INSERT INTO historico_escolar (id_aluno, cod_disc, semestre, ano, nota) VALUES (467541531, 72876574, 8, 2023, 9);
INSERT INTO historico_escolar (id_aluno, cod_disc, semestre, ano, nota) VALUES (467541531, 72876574, 3, 2019, 3);
INSERT INTO historico_escolar (id_aluno, cod_disc, semestre, ano, nota) VALUES (467541531, 72876574, 3, 2019, 8);
INSERT INTO historico_escolar (id_aluno, cod_disc, semestre, ano, nota) VALUES (467541531, 35630293, 2, 2018, 0);
INSERT INTO historico_escolar (id_aluno, cod_disc, semestre, ano, nota) VALUES (467541531, 30048698, 4, 2020, 0);
INSERT INTO historico_escolar (id_aluno, cod_disc, semestre, ano, nota) VALUES (792452038, 56809579, 6, 2021, 9);
INSERT INTO historico_escolar (id_aluno, cod_disc, semestre, ano, nota) VALUES (792452038, 70237098, 2, 2018, 4);
INSERT INTO historico_escolar (id_aluno, cod_disc, semestre, ano, nota) VALUES (792452038, 75059811, 5, 2021, 2);
INSERT INTO historico_escolar (id_aluno, cod_disc, semestre, ano, nota) VALUES (792452038, 72876574, 6, 2021, 7);
INSERT INTO historico_escolar (id_aluno, cod_disc, semestre, ano, nota) VALUES (792452038, 30048698, 1, 2018, 10);
INSERT INTO historico_escolar (id_aluno, cod_disc, semestre, ano, nota) VALUES (792452038, 38828350, 3, 2019, 5);
INSERT INTO historico_escolar (id_aluno, cod_disc, semestre, ano, nota) VALUES (928594596, 35630293, 7, 2022, 9);
INSERT INTO historico_escolar (id_aluno, cod_disc, semestre, ano, nota) VALUES (928594596, 75059811, 6, 2021, 3);
INSERT INTO historico_escolar (id_aluno, cod_disc, semestre, ano, nota) VALUES (928594596, 38828350, 5, 2021, 3);
INSERT INTO historico_escolar (id_aluno, cod_disc, semestre, ano, nota) VALUES (928594596, 30048698, 5, 2021, 5);
INSERT INTO historico_escolar (id_aluno, cod_disc, semestre, ano, nota) VALUES (928594596, 72876574, 4, 2020, 6);
INSERT INTO historico_escolar (id_aluno, cod_disc, semestre, ano, nota) VALUES (928594596, 35630293, 5, 2021, 0);
INSERT INTO historico_escolar (id_aluno, cod_disc, semestre, ano, nota) VALUES (422064416, 70237098, 4, 2020, 2);
INSERT INTO historico_escolar (id_aluno, cod_disc, semestre, ano, nota) VALUES (422064416, 38828350, 6, 2021, 10);
INSERT INTO historico_escolar (id_aluno, cod_disc, semestre, ano, nota) VALUES (422064416, 75059811, 3, 2019, 8);
INSERT INTO historico_escolar (id_aluno, cod_disc, semestre, ano, nota) VALUES (422064416, 70237098, 5, 2021, 10);
INSERT INTO historico_escolar (id_aluno, cod_disc, semestre, ano, nota) VALUES (422064416, 38828350, 8, 2023, 6);
INSERT INTO historico_escolar (id_aluno, cod_disc, semestre, ano, nota) VALUES (422064416, 38828350, 3, 2019, 5);
INSERT INTO historico_escolar (id_aluno, cod_disc, semestre, ano, nota) VALUES (124805404, 38828350, 2, 2018, 3);
INSERT INTO historico_escolar (id_aluno, cod_disc, semestre, ano, nota) VALUES (124805404, 30048698, 6, 2021, 0);
INSERT INTO historico_escolar (id_aluno, cod_disc, semestre, ano, nota) VALUES (124805404, 72876574, 4, 2020, 4);
INSERT INTO historico_escolar (id_aluno, cod_disc, semestre, ano, nota) VALUES (124805404, 56809579, 8, 2023, 7);
INSERT INTO historico_escolar (id_aluno, cod_disc, semestre, ano, nota) VALUES (124805404, 72876574, 4, 2020, 4);
INSERT INTO historico_escolar (id_aluno, cod_disc, semestre, ano, nota) VALUES (124805404, 75059811, 6, 2021, 6);
INSERT INTO historico_escolar (id_aluno, cod_disc, semestre, ano, nota) VALUES (446594472, 35630293, 2, 2018, 7);
INSERT INTO historico_escolar (id_aluno, cod_disc, semestre, ano, nota) VALUES (446594472, 70237098, 4, 2020, 7);
INSERT INTO historico_escolar (id_aluno, cod_disc, semestre, ano, nota) VALUES (446594472, 35630293, 7, 2022, 1);
INSERT INTO historico_escolar (id_aluno, cod_disc, semestre, ano, nota) VALUES (446594472, 75059811, 4, 2020, 9);
INSERT INTO historico_escolar (id_aluno, cod_disc, semestre, ano, nota) VALUES (446594472, 56809579, 3, 2019, 5);
INSERT INTO historico_escolar (id_aluno, cod_disc, semestre, ano, nota) VALUES (446594472, 35630293, 3, 2019, 8);
INSERT INTO historico_escolar (id_aluno, cod_disc, semestre, ano, nota) VALUES (383699101, 70237098, 3, 2019, 7);
INSERT INTO historico_escolar (id_aluno, cod_disc, semestre, ano, nota) VALUES (383699101, 35630293, 7, 2022, 7);
INSERT INTO historico_escolar (id_aluno, cod_disc, semestre, ano, nota) VALUES (383699101, 75059811, 5, 2021, 2);
INSERT INTO historico_escolar (id_aluno, cod_disc, semestre, ano, nota) VALUES (383699101, 56809579, 2, 2018, 10);
INSERT INTO historico_escolar (id_aluno, cod_disc, semestre, ano, nota) VALUES (383699101, 75059811, 6, 2021, 7);
INSERT INTO historico_escolar (id_aluno, cod_disc, semestre, ano, nota) VALUES (383699101, 38828350, 7, 2022, 2);
INSERT INTO historico_escolar (id_aluno, cod_disc, semestre, ano, nota) VALUES (615665051, 56809579, 4, 2020, 9);
INSERT INTO historico_escolar (id_aluno, cod_disc, semestre, ano, nota) VALUES (615665051, 72876574, 1, 2018, 1);
INSERT INTO historico_escolar (id_aluno, cod_disc, semestre, ano, nota) VALUES (615665051, 72876574, 1, 2018, 4);
INSERT INTO historico_escolar (id_aluno, cod_disc, semestre, ano, nota) VALUES (615665051, 72876574, 3, 2019, 10);
INSERT INTO historico_escolar (id_aluno, cod_disc, semestre, ano, nota) VALUES (615665051, 72876574, 4, 2020, 5);
INSERT INTO historico_escolar (id_aluno, cod_disc, semestre, ano, nota) VALUES (615665051, 72876574, 3, 2019, 7);
INSERT INTO historico_escolar (id_aluno, cod_disc, semestre, ano, nota) VALUES (004813397, 75059811, 8, 2023, 9);
INSERT INTO historico_escolar (id_aluno, cod_disc, semestre, ano, nota) VALUES (004813397, 56809579, 7, 2022, 6);
INSERT INTO historico_escolar (id_aluno, cod_disc, semestre, ano, nota) VALUES (004813397, 75059811, 3, 2019, 5);
INSERT INTO historico_escolar (id_aluno, cod_disc, semestre, ano, nota) VALUES (004813397, 35630293, 7, 2022, 8);
INSERT INTO historico_escolar (id_aluno, cod_disc, semestre, ano, nota) VALUES (004813397, 72876574, 7, 2022, 4);
INSERT INTO historico_escolar (id_aluno, cod_disc, semestre, ano, nota) VALUES (004813397, 35630293, 6, 2021, 7);
INSERT INTO historico_escolar (id_aluno, cod_disc, semestre, ano, nota) VALUES (405839795, 70237098, 5, 2021, 8);
INSERT INTO historico_escolar (id_aluno, cod_disc, semestre, ano, nota) VALUES (405839795, 38828350, 5, 2021, 1);
INSERT INTO historico_escolar (id_aluno, cod_disc, semestre, ano, nota) VALUES (405839795, 38828350, 4, 2020, 2);
INSERT INTO historico_escolar (id_aluno, cod_disc, semestre, ano, nota) VALUES (405839795, 56809579, 8, 2023, 6);
INSERT INTO historico_escolar (id_aluno, cod_disc, semestre, ano, nota) VALUES (405839795, 70237098, 6, 2021, 8);
INSERT INTO historico_escolar (id_aluno, cod_disc, semestre, ano, nota) VALUES (405839795, 72876574, 6, 2021, 4);
INSERT INTO historico_escolar (id_aluno, cod_disc, semestre, ano, nota) VALUES (739081034, 30048698, 2, 2018, 9);
INSERT INTO historico_escolar (id_aluno, cod_disc, semestre, ano, nota) VALUES (739081034, 30048698, 7, 2022, 4);
INSERT INTO historico_escolar (id_aluno, cod_disc, semestre, ano, nota) VALUES (739081034, 35630293, 6, 2021, 8);
INSERT INTO historico_escolar (id_aluno, cod_disc, semestre, ano, nota) VALUES (739081034, 75059811, 5, 2021, 4);
INSERT INTO historico_escolar (id_aluno, cod_disc, semestre, ano, nota) VALUES (739081034, 75059811, 3, 2019, 7);
INSERT INTO historico_escolar (id_aluno, cod_disc, semestre, ano, nota) VALUES (739081034, 30048698, 3, 2019, 10);
INSERT INTO historico_escolar (id_aluno, cod_disc, semestre, ano, nota) VALUES (170328667, 30048698, 1, 2018, 0);
INSERT INTO historico_escolar (id_aluno, cod_disc, semestre, ano, nota) VALUES (170328667, 70237098, 6, 2021, 10);
INSERT INTO historico_escolar (id_aluno, cod_disc, semestre, ano, nota) VALUES (170328667, 70237098, 7, 2022, 10);
INSERT INTO historico_escolar (id_aluno, cod_disc, semestre, ano, nota) VALUES (170328667, 70237098, 4, 2020, 1);
INSERT INTO historico_escolar (id_aluno, cod_disc, semestre, ano, nota) VALUES (170328667, 72876574, 5, 2021, 2);
INSERT INTO historico_escolar (id_aluno, cod_disc, semestre, ano, nota) VALUES (170328667, 35630293, 8, 2023, 8);
INSERT INTO historico_escolar (id_aluno, cod_disc, semestre, ano, nota) VALUES (166651719, 30048698, 8, 2023, 5);
INSERT INTO historico_escolar (id_aluno, cod_disc, semestre, ano, nota) VALUES (166651719, 72876574, 1, 2018, 10);
INSERT INTO historico_escolar (id_aluno, cod_disc, semestre, ano, nota) VALUES (166651719, 35630293, 6, 2021, 2);
INSERT INTO historico_escolar (id_aluno, cod_disc, semestre, ano, nota) VALUES (166651719, 30048698, 6, 2021, 6);
INSERT INTO historico_escolar (id_aluno, cod_disc, semestre, ano, nota) VALUES (166651719, 30048698, 3, 2019, 4);
INSERT INTO historico_escolar (id_aluno, cod_disc, semestre, ano, nota) VALUES (166651719, 35630293, 1, 2018, 4);
INSERT INTO historico_escolar (id_aluno, cod_disc, semestre, ano, nota) VALUES (388138815, 38828350, 5, 2021, 10);
INSERT INTO historico_escolar (id_aluno, cod_disc, semestre, ano, nota) VALUES (388138815, 38828350, 2, 2018, 2);
INSERT INTO historico_escolar (id_aluno, cod_disc, semestre, ano, nota) VALUES (388138815, 72876574, 1, 2018, 9);
INSERT INTO historico_escolar (id_aluno, cod_disc, semestre, ano, nota) VALUES (388138815, 72876574, 1, 2018, 5);
INSERT INTO historico_escolar (id_aluno, cod_disc, semestre, ano, nota) VALUES (388138815, 30048698, 8, 2023, 7);
INSERT INTO historico_escolar (id_aluno, cod_disc, semestre, ano, nota) VALUES (388138815, 72876574, 4, 2020, 4);
INSERT INTO historico_escolar (id_aluno, cod_disc, semestre, ano, nota) VALUES (729112372, 70237098, 7, 2022, 8);
INSERT INTO historico_escolar (id_aluno, cod_disc, semestre, ano, nota) VALUES (729112372, 70237098, 6, 2021, 0);
INSERT INTO historico_escolar (id_aluno, cod_disc, semestre, ano, nota) VALUES (729112372, 56809579, 5, 2021, 5);
INSERT INTO historico_escolar (id_aluno, cod_disc, semestre, ano, nota) VALUES (729112372, 75059811, 5, 2021, 7);
INSERT INTO historico_escolar (id_aluno, cod_disc, semestre, ano, nota) VALUES (729112372, 38828350, 7, 2022, 1);
INSERT INTO historico_escolar (id_aluno, cod_disc, semestre, ano, nota) VALUES (729112372, 72876574, 5, 2021, 8);
INSERT INTO historico_escolar (id_aluno, cod_disc, semestre, ano, nota) VALUES (895420128, 30048698, 6, 2021, 4);
INSERT INTO historico_escolar (id_aluno, cod_disc, semestre, ano, nota) VALUES (895420128, 75059811, 7, 2022, 6);
INSERT INTO historico_escolar (id_aluno, cod_disc, semestre, ano, nota) VALUES (895420128, 30048698, 2, 2018, 4);
INSERT INTO historico_escolar (id_aluno, cod_disc, semestre, ano, nota) VALUES (895420128, 30048698, 7, 2022, 1);
INSERT INTO historico_escolar (id_aluno, cod_disc, semestre, ano, nota) VALUES (895420128, 72876574, 6, 2021, 0);
INSERT INTO historico_escolar (id_aluno, cod_disc, semestre, ano, nota) VALUES (895420128, 70237098, 2, 2018, 1);
INSERT INTO historico_escolar (id_aluno, cod_disc, semestre, ano, nota) VALUES (087548494, 38828350, 6, 2021, 5);
INSERT INTO historico_escolar (id_aluno, cod_disc, semestre, ano, nota) VALUES (087548494, 38828350, 6, 2021, 1);
INSERT INTO historico_escolar (id_aluno, cod_disc, semestre, ano, nota) VALUES (087548494, 75059811, 7, 2022, 7);
INSERT INTO historico_escolar (id_aluno, cod_disc, semestre, ano, nota) VALUES (087548494, 56809579, 4, 2020, 6);
INSERT INTO historico_escolar (id_aluno, cod_disc, semestre, ano, nota) VALUES (087548494, 56809579, 3, 2019, 1);
INSERT INTO historico_escolar (id_aluno, cod_disc, semestre, ano, nota) VALUES (087548494, 72876574, 3, 2019, 1);
INSERT INTO historico_escolar (id_aluno, cod_disc, semestre, ano, nota) VALUES (185855147, 38828350, 2, 2018, 8);
INSERT INTO historico_escolar (id_aluno, cod_disc, semestre, ano, nota) VALUES (185855147, 38828350, 3, 2019, 7);
INSERT INTO historico_escolar (id_aluno, cod_disc, semestre, ano, nota) VALUES (185855147, 75059811, 4, 2020, 2);
INSERT INTO historico_escolar (id_aluno, cod_disc, semestre, ano, nota) VALUES (185855147, 75059811, 7, 2022, 8);
INSERT INTO historico_escolar (id_aluno, cod_disc, semestre, ano, nota) VALUES (185855147, 72876574, 4, 2020, 7);
INSERT INTO historico_escolar (id_aluno, cod_disc, semestre, ano, nota) VALUES (185855147, 56809579, 1, 2018, 5);
INSERT INTO historico_escolar (id_aluno, cod_disc, semestre, ano, nota) VALUES (669544842, 56809579, 7, 2022, 9);
INSERT INTO historico_escolar (id_aluno, cod_disc, semestre, ano, nota) VALUES (669544842, 72876574, 7, 2022, 5);
INSERT INTO historico_escolar (id_aluno, cod_disc, semestre, ano, nota) VALUES (669544842, 75059811, 3, 2019, 0);
INSERT INTO historico_escolar (id_aluno, cod_disc, semestre, ano, nota) VALUES (669544842, 72876574, 7, 2022, 4);
INSERT INTO historico_escolar (id_aluno, cod_disc, semestre, ano, nota) VALUES (669544842, 72876574, 3, 2019, 5);
INSERT INTO historico_escolar (id_aluno, cod_disc, semestre, ano, nota) VALUES (669544842, 75059811, 3, 2019, 7);
INSERT INTO historico_escolar (id_aluno, cod_disc, semestre, ano, nota) VALUES (729632533, 56809579, 3, 2019, 8);
INSERT INTO historico_escolar (id_aluno, cod_disc, semestre, ano, nota) VALUES (729632533, 72876574, 6, 2021, 9);
INSERT INTO historico_escolar (id_aluno, cod_disc, semestre, ano, nota) VALUES (729632533, 56809579, 3, 2019, 1);
INSERT INTO historico_escolar (id_aluno, cod_disc, semestre, ano, nota) VALUES (729632533, 75059811, 1, 2018, 1);
INSERT INTO historico_escolar (id_aluno, cod_disc, semestre, ano, nota) VALUES (729632533, 38828350, 7, 2022, 9);
INSERT INTO historico_escolar (id_aluno, cod_disc, semestre, ano, nota) VALUES (729632533, 30048698, 7, 2022, 9);
INSERT INTO historico_escolar (id_aluno, cod_disc, semestre, ano, nota) VALUES (172895591, 35630293, 6, 2021, 3);
INSERT INTO historico_escolar (id_aluno, cod_disc, semestre, ano, nota) VALUES (172895591, 30048698, 7, 2022, 6);
INSERT INTO historico_escolar (id_aluno, cod_disc, semestre, ano, nota) VALUES (172895591, 72876574, 6, 2021, 9);
INSERT INTO historico_escolar (id_aluno, cod_disc, semestre, ano, nota) VALUES (172895591, 35630293, 3, 2019, 9);
INSERT INTO historico_escolar (id_aluno, cod_disc, semestre, ano, nota) VALUES (172895591, 38828350, 6, 2021, 2);
INSERT INTO historico_escolar (id_aluno, cod_disc, semestre, ano, nota) VALUES (172895591, 56809579, 5, 2021, 1);
INSERT INTO historico_escolar (id_aluno, cod_disc, semestre, ano, nota) VALUES (438223570, 72876574, 1, 2018, 1);
INSERT INTO historico_escolar (id_aluno, cod_disc, semestre, ano, nota) VALUES (438223570, 56809579, 3, 2019, 5);
INSERT INTO historico_escolar (id_aluno, cod_disc, semestre, ano, nota) VALUES (438223570, 75059811, 7, 2022, 7);
INSERT INTO historico_escolar (id_aluno, cod_disc, semestre, ano, nota) VALUES (438223570, 75059811, 2, 2018, 1);
INSERT INTO historico_escolar (id_aluno, cod_disc, semestre, ano, nota) VALUES (438223570, 56809579, 3, 2019, 3);
INSERT INTO historico_escolar (id_aluno, cod_disc, semestre, ano, nota) VALUES (438223570, 70237098, 8, 2023, 10);
INSERT INTO historico_escolar (id_aluno, cod_disc, semestre, ano, nota) VALUES (678071665, 35630293, 1, 2018, 7);
INSERT INTO historico_escolar (id_aluno, cod_disc, semestre, ano, nota) VALUES (678071665, 38828350, 2, 2018, 5);
INSERT INTO historico_escolar (id_aluno, cod_disc, semestre, ano, nota) VALUES (678071665, 72876574, 7, 2022, 8);
INSERT INTO historico_escolar (id_aluno, cod_disc, semestre, ano, nota) VALUES (678071665, 72876574, 5, 2021, 4);
INSERT INTO historico_escolar (id_aluno, cod_disc, semestre, ano, nota) VALUES (678071665, 56809579, 1, 2018, 2);
INSERT INTO historico_escolar (id_aluno, cod_disc, semestre, ano, nota) VALUES (678071665, 56809579, 8, 2023, 8);
INSERT INTO historico_escolar (id_aluno, cod_disc, semestre, ano, nota) VALUES (237457001, 35630293, 7, 2022, 2);
INSERT INTO historico_escolar (id_aluno, cod_disc, semestre, ano, nota) VALUES (237457001, 72876574, 3, 2019, 1);
INSERT INTO historico_escolar (id_aluno, cod_disc, semestre, ano, nota) VALUES (237457001, 72876574, 8, 2023, 2);
INSERT INTO historico_escolar (id_aluno, cod_disc, semestre, ano, nota) VALUES (237457001, 35630293, 5, 2021, 1);
INSERT INTO historico_escolar (id_aluno, cod_disc, semestre, ano, nota) VALUES (237457001, 38828350, 4, 2020, 6);
INSERT INTO historico_escolar (id_aluno, cod_disc, semestre, ano, nota) VALUES (237457001, 72876574, 2, 2018, 1);
INSERT INTO historico_escolar (id_aluno, cod_disc, semestre, ano, nota) VALUES (207285315, 35630293, 8, 2023, 4);
INSERT INTO historico_escolar (id_aluno, cod_disc, semestre, ano, nota) VALUES (207285315, 30048698, 5, 2021, 5);
INSERT INTO historico_escolar (id_aluno, cod_disc, semestre, ano, nota) VALUES (207285315, 72876574, 6, 2021, 2);
INSERT INTO historico_escolar (id_aluno, cod_disc, semestre, ano, nota) VALUES (207285315, 75059811, 1, 2018, 4);
INSERT INTO historico_escolar (id_aluno, cod_disc, semestre, ano, nota) VALUES (207285315, 56809579, 7, 2022, 3);
INSERT INTO historico_escolar (id_aluno, cod_disc, semestre, ano, nota) VALUES (207285315, 38828350, 7, 2022, 8);
INSERT INTO historico_escolar (id_aluno, cod_disc, semestre, ano, nota) VALUES (418975213, 72876574, 2, 2018, 5);
INSERT INTO historico_escolar (id_aluno, cod_disc, semestre, ano, nota) VALUES (418975213, 35630293, 7, 2022, 10);
INSERT INTO historico_escolar (id_aluno, cod_disc, semestre, ano, nota) VALUES (418975213, 72876574, 8, 2023, 0);
INSERT INTO historico_escolar (id_aluno, cod_disc, semestre, ano, nota) VALUES (418975213, 72876574, 8, 2023, 9);
INSERT INTO historico_escolar (id_aluno, cod_disc, semestre, ano, nota) VALUES (418975213, 35630293, 5, 2021, 10);
INSERT INTO historico_escolar (id_aluno, cod_disc, semestre, ano, nota) VALUES (418975213, 56809579, 4, 2020, 10);
INSERT INTO historico_escolar (id_aluno, cod_disc, semestre, ano, nota) VALUES (079278931, 38828350, 4, 2020, 8);
INSERT INTO historico_escolar (id_aluno, cod_disc, semestre, ano, nota) VALUES (079278931, 35630293, 8, 2023, 3);
INSERT INTO historico_escolar (id_aluno, cod_disc, semestre, ano, nota) VALUES (079278931, 72876574, 2, 2018, 3);
INSERT INTO historico_escolar (id_aluno, cod_disc, semestre, ano, nota) VALUES (079278931, 72876574, 7, 2022, 4);
INSERT INTO historico_escolar (id_aluno, cod_disc, semestre, ano, nota) VALUES (079278931, 70237098, 3, 2019, 8);
INSERT INTO historico_escolar (id_aluno, cod_disc, semestre, ano, nota) VALUES (079278931, 75059811, 2, 2018, 5);
INSERT INTO historico_escolar (id_aluno, cod_disc, semestre, ano, nota) VALUES (082632116, 30048698, 5, 2021, 4);
INSERT INTO historico_escolar (id_aluno, cod_disc, semestre, ano, nota) VALUES (082632116, 72876574, 6, 2021, 4);
INSERT INTO historico_escolar (id_aluno, cod_disc, semestre, ano, nota) VALUES (082632116, 30048698, 7, 2022, 6);
INSERT INTO historico_escolar (id_aluno, cod_disc, semestre, ano, nota) VALUES (082632116, 30048698, 1, 2018, 3);
INSERT INTO historico_escolar (id_aluno, cod_disc, semestre, ano, nota) VALUES (082632116, 35630293, 4, 2020, 3);
INSERT INTO historico_escolar (id_aluno, cod_disc, semestre, ano, nota) VALUES (082632116, 56809579, 7, 2022, 4);
INSERT INTO historico_escolar (id_aluno, cod_disc, semestre, ano, nota) VALUES (869003046, 72876574, 6, 2021, 5);
INSERT INTO historico_escolar (id_aluno, cod_disc, semestre, ano, nota) VALUES (869003046, 30048698, 8, 2023, 3);
INSERT INTO historico_escolar (id_aluno, cod_disc, semestre, ano, nota) VALUES (869003046, 38828350, 1, 2018, 6);
INSERT INTO historico_escolar (id_aluno, cod_disc, semestre, ano, nota) VALUES (869003046, 70237098, 8, 2023, 4);
INSERT INTO historico_escolar (id_aluno, cod_disc, semestre, ano, nota) VALUES (869003046, 70237098, 3, 2019, 3);
INSERT INTO historico_escolar (id_aluno, cod_disc, semestre, ano, nota) VALUES (869003046, 56809579, 7, 2022, 3);
INSERT INTO historico_escolar (id_aluno, cod_disc, semestre, ano, nota) VALUES (603840230, 56809579, 4, 2020, 2);
INSERT INTO historico_escolar (id_aluno, cod_disc, semestre, ano, nota) VALUES (603840230, 30048698, 1, 2018, 3);
INSERT INTO historico_escolar (id_aluno, cod_disc, semestre, ano, nota) VALUES (603840230, 30048698, 8, 2023, 7);
INSERT INTO historico_escolar (id_aluno, cod_disc, semestre, ano, nota) VALUES (603840230, 38828350, 3, 2019, 1);
INSERT INTO historico_escolar (id_aluno, cod_disc, semestre, ano, nota) VALUES (603840230, 75059811, 4, 2020, 0);
INSERT INTO historico_escolar (id_aluno, cod_disc, semestre, ano, nota) VALUES (603840230, 56809579, 7, 2022, 4);
INSERT INTO historico_escolar (id_aluno, cod_disc, semestre, ano, nota) VALUES (398302550, 56809579, 6, 2021, 1);
INSERT INTO historico_escolar (id_aluno, cod_disc, semestre, ano, nota) VALUES (398302550, 75059811, 4, 2020, 1);
INSERT INTO historico_escolar (id_aluno, cod_disc, semestre, ano, nota) VALUES (398302550, 30048698, 1, 2018, 3);
INSERT INTO historico_escolar (id_aluno, cod_disc, semestre, ano, nota) VALUES (398302550, 35630293, 7, 2022, 8);
INSERT INTO historico_escolar (id_aluno, cod_disc, semestre, ano, nota) VALUES (398302550, 35630293, 7, 2022, 4);
INSERT INTO historico_escolar (id_aluno, cod_disc, semestre, ano, nota) VALUES (398302550, 35630293, 8, 2023, 10);
INSERT INTO historico_escolar (id_aluno, cod_disc, semestre, ano, nota) VALUES (137977091, 70237098, 2, 2018, 4);
INSERT INTO historico_escolar (id_aluno, cod_disc, semestre, ano, nota) VALUES (137977091, 72876574, 2, 2018, 7);
INSERT INTO historico_escolar (id_aluno, cod_disc, semestre, ano, nota) VALUES (137977091, 70237098, 5, 2021, 4);
INSERT INTO historico_escolar (id_aluno, cod_disc, semestre, ano, nota) VALUES (137977091, 35630293, 4, 2020, 5);
INSERT INTO historico_escolar (id_aluno, cod_disc, semestre, ano, nota) VALUES (137977091, 30048698, 4, 2020, 4);
INSERT INTO historico_escolar (id_aluno, cod_disc, semestre, ano, nota) VALUES (137977091, 72876574, 6, 2021, 3);
INSERT INTO historico_escolar (id_aluno, cod_disc, semestre, ano, nota) VALUES (830666651, 38828350, 1, 2018, 2);
INSERT INTO historico_escolar (id_aluno, cod_disc, semestre, ano, nota) VALUES (830666651, 56809579, 6, 2021, 7);
INSERT INTO historico_escolar (id_aluno, cod_disc, semestre, ano, nota) VALUES (830666651, 35630293, 8, 2023, 5);
INSERT INTO historico_escolar (id_aluno, cod_disc, semestre, ano, nota) VALUES (830666651, 30048698, 5, 2021, 5);
INSERT INTO historico_escolar (id_aluno, cod_disc, semestre, ano, nota) VALUES (830666651, 75059811, 3, 2019, 4);
INSERT INTO historico_escolar (id_aluno, cod_disc, semestre, ano, nota) VALUES (830666651, 70237098, 7, 2022, 8);
INSERT INTO historico_escolar (id_aluno, cod_disc, semestre, ano, nota) VALUES (041682967, 70237098, 8, 2023, 10);
INSERT INTO historico_escolar (id_aluno, cod_disc, semestre, ano, nota) VALUES (041682967, 70237098, 5, 2021, 5);
INSERT INTO historico_escolar (id_aluno, cod_disc, semestre, ano, nota) VALUES (041682967, 72876574, 5, 2021, 2);
INSERT INTO historico_escolar (id_aluno, cod_disc, semestre, ano, nota) VALUES (041682967, 30048698, 5, 2021, 9);
INSERT INTO historico_escolar (id_aluno, cod_disc, semestre, ano, nota) VALUES (041682967, 56809579, 4, 2020, 10);
INSERT INTO historico_escolar (id_aluno, cod_disc, semestre, ano, nota) VALUES (041682967, 70237098, 3, 2019, 3);
INSERT INTO historico_escolar (id_aluno, cod_disc, semestre, ano, nota) VALUES (267169562, 56809579, 4, 2020, 9);
INSERT INTO historico_escolar (id_aluno, cod_disc, semestre, ano, nota) VALUES (267169562, 72876574, 2, 2018, 5);
INSERT INTO historico_escolar (id_aluno, cod_disc, semestre, ano, nota) VALUES (267169562, 30048698, 5, 2021, 2);
INSERT INTO historico_escolar (id_aluno, cod_disc, semestre, ano, nota) VALUES (267169562, 72876574, 8, 2023, 9);
INSERT INTO historico_escolar (id_aluno, cod_disc, semestre, ano, nota) VALUES (267169562, 38828350, 5, 2021, 3);
INSERT INTO historico_escolar (id_aluno, cod_disc, semestre, ano, nota) VALUES (267169562, 75059811, 7, 2022, 2);
INSERT INTO historico_escolar (id_aluno, cod_disc, semestre, ano, nota) VALUES (699818743, 56809579, 2, 2018, 2);
INSERT INTO historico_escolar (id_aluno, cod_disc, semestre, ano, nota) VALUES (699818743, 56809579, 1, 2018, 7);
INSERT INTO historico_escolar (id_aluno, cod_disc, semestre, ano, nota) VALUES (699818743, 72876574, 1, 2018, 1);
INSERT INTO historico_escolar (id_aluno, cod_disc, semestre, ano, nota) VALUES (699818743, 75059811, 1, 2018, 4);
INSERT INTO historico_escolar (id_aluno, cod_disc, semestre, ano, nota) VALUES (699818743, 35630293, 2, 2018, 10);
INSERT INTO historico_escolar (id_aluno, cod_disc, semestre, ano, nota) VALUES (699818743, 56809579, 5, 2021, 0);
INSERT INTO historico_escolar (id_aluno, cod_disc, semestre, ano, nota) VALUES (083125630, 70237098, 2, 2018, 3);
INSERT INTO historico_escolar (id_aluno, cod_disc, semestre, ano, nota) VALUES (083125630, 30048698, 8, 2023, 4);
INSERT INTO historico_escolar (id_aluno, cod_disc, semestre, ano, nota) VALUES (083125630, 72876574, 4, 2020, 5);
INSERT INTO historico_escolar (id_aluno, cod_disc, semestre, ano, nota) VALUES (083125630, 72876574, 3, 2019, 3);
INSERT INTO historico_escolar (id_aluno, cod_disc, semestre, ano, nota) VALUES (083125630, 30048698, 3, 2019, 1);
INSERT INTO historico_escolar (id_aluno, cod_disc, semestre, ano, nota) VALUES (083125630, 30048698, 3, 2019, 0);
INSERT INTO historico_escolar (id_aluno, cod_disc, semestre, ano, nota) VALUES (045242076, 75059811, 7, 2022, 7);
INSERT INTO historico_escolar (id_aluno, cod_disc, semestre, ano, nota) VALUES (045242076, 72876574, 7, 2022, 0);
INSERT INTO historico_escolar (id_aluno, cod_disc, semestre, ano, nota) VALUES (045242076, 30048698, 3, 2019, 0);
INSERT INTO historico_escolar (id_aluno, cod_disc, semestre, ano, nota) VALUES (045242076, 56809579, 2, 2018, 8);
INSERT INTO historico_escolar (id_aluno, cod_disc, semestre, ano, nota) VALUES (045242076, 72876574, 7, 2022, 9);
INSERT INTO historico_escolar (id_aluno, cod_disc, semestre, ano, nota) VALUES (045242076, 70237098, 7, 2022, 2);
INSERT INTO historico_escolar (id_aluno, cod_disc, semestre, ano, nota) VALUES (497844059, 56809579, 8, 2023, 4);
INSERT INTO historico_escolar (id_aluno, cod_disc, semestre, ano, nota) VALUES (497844059, 35630293, 2, 2018, 6);
INSERT INTO historico_escolar (id_aluno, cod_disc, semestre, ano, nota) VALUES (497844059, 72876574, 4, 2020, 2);
INSERT INTO historico_escolar (id_aluno, cod_disc, semestre, ano, nota) VALUES (497844059, 30048698, 4, 2020, 8);
INSERT INTO historico_escolar (id_aluno, cod_disc, semestre, ano, nota) VALUES (497844059, 38828350, 4, 2020, 2);
INSERT INTO historico_escolar (id_aluno, cod_disc, semestre, ano, nota) VALUES (497844059, 75059811, 2, 2018, 7);
INSERT INTO historico_escolar (id_aluno, cod_disc, semestre, ano, nota) VALUES (278517929, 38828350, 7, 2022, 3);
INSERT INTO historico_escolar (id_aluno, cod_disc, semestre, ano, nota) VALUES (278517929, 72876574, 5, 2021, 4);
INSERT INTO historico_escolar (id_aluno, cod_disc, semestre, ano, nota) VALUES (278517929, 72876574, 5, 2021, 2);
INSERT INTO historico_escolar (id_aluno, cod_disc, semestre, ano, nota) VALUES (278517929, 75059811, 7, 2022, 4);
INSERT INTO historico_escolar (id_aluno, cod_disc, semestre, ano, nota) VALUES (278517929, 75059811, 5, 2021, 3);
INSERT INTO historico_escolar (id_aluno, cod_disc, semestre, ano, nota) VALUES (278517929, 38828350, 2, 2018, 4);
INSERT INTO historico_escolar (id_aluno, cod_disc, semestre, ano, nota) VALUES (289175821, 70237098, 3, 2019, 0);
INSERT INTO historico_escolar (id_aluno, cod_disc, semestre, ano, nota) VALUES (289175821, 70237098, 2, 2018, 10);
INSERT INTO historico_escolar (id_aluno, cod_disc, semestre, ano, nota) VALUES (289175821, 38828350, 8, 2023, 0);
INSERT INTO historico_escolar (id_aluno, cod_disc, semestre, ano, nota) VALUES (289175821, 35630293, 8, 2023, 7);
INSERT INTO historico_escolar (id_aluno, cod_disc, semestre, ano, nota) VALUES (289175821, 38828350, 2, 2018, 3);
INSERT INTO historico_escolar (id_aluno, cod_disc, semestre, ano, nota) VALUES (289175821, 30048698, 1, 2018, 4);
INSERT INTO historico_escolar (id_aluno, cod_disc, semestre, ano, nota) VALUES (350741432, 72876574, 4, 2020, 10);
INSERT INTO historico_escolar (id_aluno, cod_disc, semestre, ano, nota) VALUES (350741432, 72876574, 4, 2020, 9);
INSERT INTO historico_escolar (id_aluno, cod_disc, semestre, ano, nota) VALUES (350741432, 70237098, 6, 2021, 5);
INSERT INTO historico_escolar (id_aluno, cod_disc, semestre, ano, nota) VALUES (350741432, 35630293, 4, 2020, 8);
INSERT INTO historico_escolar (id_aluno, cod_disc, semestre, ano, nota) VALUES (350741432, 72876574, 6, 2021, 10);
INSERT INTO historico_escolar (id_aluno, cod_disc, semestre, ano, nota) VALUES (350741432, 72876574, 2, 2018, 9);
INSERT INTO historico_escolar (id_aluno, cod_disc, semestre, ano, nota) VALUES (938681406, 35630293, 1, 2018, 2);
INSERT INTO historico_escolar (id_aluno, cod_disc, semestre, ano, nota) VALUES (938681406, 56809579, 5, 2021, 1);
INSERT INTO historico_escolar (id_aluno, cod_disc, semestre, ano, nota) VALUES (938681406, 35630293, 3, 2019, 4);
INSERT INTO historico_escolar (id_aluno, cod_disc, semestre, ano, nota) VALUES (938681406, 75059811, 8, 2023, 7);
INSERT INTO historico_escolar (id_aluno, cod_disc, semestre, ano, nota) VALUES (938681406, 30048698, 5, 2021, 0);
INSERT INTO historico_escolar (id_aluno, cod_disc, semestre, ano, nota) VALUES (938681406, 70237098, 4, 2020, 3);
INSERT INTO historico_escolar (id_aluno, cod_disc, semestre, ano, nota) VALUES (803059933, 35630293, 7, 2022, 9);
INSERT INTO historico_escolar (id_aluno, cod_disc, semestre, ano, nota) VALUES (803059933, 35630293, 7, 2022, 1);
INSERT INTO historico_escolar (id_aluno, cod_disc, semestre, ano, nota) VALUES (803059933, 30048698, 3, 2019, 9);
INSERT INTO historico_escolar (id_aluno, cod_disc, semestre, ano, nota) VALUES (803059933, 72876574, 6, 2021, 3);
INSERT INTO historico_escolar (id_aluno, cod_disc, semestre, ano, nota) VALUES (803059933, 35630293, 2, 2018, 0);
INSERT INTO historico_escolar (id_aluno, cod_disc, semestre, ano, nota) VALUES (803059933, 30048698, 2, 2018, 7);
INSERT INTO historico_escolar (id_aluno, cod_disc, semestre, ano, nota) VALUES (517964987, 72876574, 5, 2021, 8);
INSERT INTO historico_escolar (id_aluno, cod_disc, semestre, ano, nota) VALUES (517964987, 30048698, 7, 2022, 10);
INSERT INTO historico_escolar (id_aluno, cod_disc, semestre, ano, nota) VALUES (517964987, 56809579, 4, 2020, 7);
INSERT INTO historico_escolar (id_aluno, cod_disc, semestre, ano, nota) VALUES (517964987, 35630293, 2, 2018, 0);
INSERT INTO historico_escolar (id_aluno, cod_disc, semestre, ano, nota) VALUES (517964987, 30048698, 7, 2022, 10);
INSERT INTO historico_escolar (id_aluno, cod_disc, semestre, ano, nota) VALUES (517964987, 30048698, 6, 2021, 7);
INSERT INTO historico_escolar (id_aluno, cod_disc, semestre, ano, nota) VALUES (737486462, 56809579, 5, 2021, 0);
INSERT INTO historico_escolar (id_aluno, cod_disc, semestre, ano, nota) VALUES (737486462, 56809579, 4, 2020, 10);
INSERT INTO historico_escolar (id_aluno, cod_disc, semestre, ano, nota) VALUES (737486462, 75059811, 2, 2018, 1);
INSERT INTO historico_escolar (id_aluno, cod_disc, semestre, ano, nota) VALUES (737486462, 38828350, 8, 2023, 3);
INSERT INTO historico_escolar (id_aluno, cod_disc, semestre, ano, nota) VALUES (737486462, 72876574, 5, 2021, 6);
INSERT INTO historico_escolar (id_aluno, cod_disc, semestre, ano, nota) VALUES (737486462, 72876574, 2, 2018, 1);
INSERT INTO historico_escolar (id_aluno, cod_disc, semestre, ano, nota) VALUES (244621736, 72876574, 7, 2022, 1);
INSERT INTO historico_escolar (id_aluno, cod_disc, semestre, ano, nota) VALUES (244621736, 70237098, 5, 2021, 4);
INSERT INTO historico_escolar (id_aluno, cod_disc, semestre, ano, nota) VALUES (244621736, 30048698, 8, 2023, 10);
INSERT INTO historico_escolar (id_aluno, cod_disc, semestre, ano, nota) VALUES (244621736, 35630293, 4, 2020, 4);
INSERT INTO historico_escolar (id_aluno, cod_disc, semestre, ano, nota) VALUES (244621736, 72876574, 4, 2020, 4);
INSERT INTO historico_escolar (id_aluno, cod_disc, semestre, ano, nota) VALUES (244621736, 70237098, 3, 2019, 7);
INSERT INTO historico_escolar (id_aluno, cod_disc, semestre, ano, nota) VALUES (960282550, 72876574, 4, 2020, 9);
INSERT INTO historico_escolar (id_aluno, cod_disc, semestre, ano, nota) VALUES (960282550, 30048698, 2, 2018, 1);
INSERT INTO historico_escolar (id_aluno, cod_disc, semestre, ano, nota) VALUES (960282550, 70237098, 8, 2023, 8);
INSERT INTO historico_escolar (id_aluno, cod_disc, semestre, ano, nota) VALUES (960282550, 72876574, 6, 2021, 7);
INSERT INTO historico_escolar (id_aluno, cod_disc, semestre, ano, nota) VALUES (960282550, 38828350, 2, 2018, 0);
INSERT INTO historico_escolar (id_aluno, cod_disc, semestre, ano, nota) VALUES (960282550, 72876574, 4, 2020, 7);
INSERT INTO historico_escolar (id_aluno, cod_disc, semestre, ano, nota) VALUES (976494446, 72876574, 1, 2018, 10);
INSERT INTO historico_escolar (id_aluno, cod_disc, semestre, ano, nota) VALUES (976494446, 30048698, 2, 2018, 5);
INSERT INTO historico_escolar (id_aluno, cod_disc, semestre, ano, nota) VALUES (976494446, 72876574, 7, 2022, 10);
INSERT INTO historico_escolar (id_aluno, cod_disc, semestre, ano, nota) VALUES (976494446, 56809579, 7, 2022, 9);
INSERT INTO historico_escolar (id_aluno, cod_disc, semestre, ano, nota) VALUES (976494446, 70237098, 3, 2019, 10);
INSERT INTO historico_escolar (id_aluno, cod_disc, semestre, ano, nota) VALUES (976494446, 35630293, 7, 2022, 2);
INSERT INTO historico_escolar (id_aluno, cod_disc, semestre, ano, nota) VALUES (363711085, 75059811, 2, 2018, 6);
INSERT INTO historico_escolar (id_aluno, cod_disc, semestre, ano, nota) VALUES (363711085, 75059811, 3, 2019, 1);
INSERT INTO historico_escolar (id_aluno, cod_disc, semestre, ano, nota) VALUES (363711085, 72876574, 3, 2019, 9);
INSERT INTO historico_escolar (id_aluno, cod_disc, semestre, ano, nota) VALUES (363711085, 72876574, 5, 2021, 8);
INSERT INTO historico_escolar (id_aluno, cod_disc, semestre, ano, nota) VALUES (363711085, 70237098, 3, 2019, 6);
INSERT INTO historico_escolar (id_aluno, cod_disc, semestre, ano, nota) VALUES (363711085, 30048698, 3, 2019, 9);
INSERT INTO historico_escolar (id_aluno, cod_disc, semestre, ano, nota) VALUES (732516746, 72876574, 2, 2018, 9);
INSERT INTO historico_escolar (id_aluno, cod_disc, semestre, ano, nota) VALUES (732516746, 35630293, 5, 2021, 1);
INSERT INTO historico_escolar (id_aluno, cod_disc, semestre, ano, nota) VALUES (732516746, 72876574, 8, 2023, 1);
INSERT INTO historico_escolar (id_aluno, cod_disc, semestre, ano, nota) VALUES (732516746, 70237098, 5, 2021, 3);
INSERT INTO historico_escolar (id_aluno, cod_disc, semestre, ano, nota) VALUES (732516746, 75059811, 5, 2021, 3);
INSERT INTO historico_escolar (id_aluno, cod_disc, semestre, ano, nota) VALUES (732516746, 75059811, 3, 2019, 1);
INSERT INTO historico_escolar (id_aluno, cod_disc, semestre, ano, nota) VALUES (523457040, 30048698, 5, 2021, 2);
INSERT INTO historico_escolar (id_aluno, cod_disc, semestre, ano, nota) VALUES (523457040, 70237098, 2, 2018, 7);
INSERT INTO historico_escolar (id_aluno, cod_disc, semestre, ano, nota) VALUES (523457040, 35630293, 4, 2020, 0);
INSERT INTO historico_escolar (id_aluno, cod_disc, semestre, ano, nota) VALUES (523457040, 72876574, 7, 2022, 6);
INSERT INTO historico_escolar (id_aluno, cod_disc, semestre, ano, nota) VALUES (523457040, 30048698, 1, 2018, 1);
INSERT INTO historico_escolar (id_aluno, cod_disc, semestre, ano, nota) VALUES (523457040, 72876574, 5, 2021, 6);
INSERT INTO historico_escolar (id_aluno, cod_disc, semestre, ano, nota) VALUES (477082749, 72876574, 7, 2022, 0);
INSERT INTO historico_escolar (id_aluno, cod_disc, semestre, ano, nota) VALUES (477082749, 72876574, 6, 2021, 5);
INSERT INTO historico_escolar (id_aluno, cod_disc, semestre, ano, nota) VALUES (477082749, 30048698, 4, 2020, 6);
INSERT INTO historico_escolar (id_aluno, cod_disc, semestre, ano, nota) VALUES (477082749, 56809579, 5, 2021, 1);
INSERT INTO historico_escolar (id_aluno, cod_disc, semestre, ano, nota) VALUES (477082749, 30048698, 8, 2023, 0);
INSERT INTO historico_escolar (id_aluno, cod_disc, semestre, ano, nota) VALUES (477082749, 72876574, 7, 2022, 5);
INSERT INTO historico_escolar (id_aluno, cod_disc, semestre, ano, nota) VALUES (362165289, 70237098, 6, 2021, 9);
INSERT INTO historico_escolar (id_aluno, cod_disc, semestre, ano, nota) VALUES (362165289, 35630293, 2, 2018, 7);
INSERT INTO historico_escolar (id_aluno, cod_disc, semestre, ano, nota) VALUES (362165289, 70237098, 4, 2020, 1);
INSERT INTO historico_escolar (id_aluno, cod_disc, semestre, ano, nota) VALUES (362165289, 30048698, 2, 2018, 1);
INSERT INTO historico_escolar (id_aluno, cod_disc, semestre, ano, nota) VALUES (362165289, 75059811, 7, 2022, 4);
INSERT INTO historico_escolar (id_aluno, cod_disc, semestre, ano, nota) VALUES (362165289, 38828350, 1, 2018, 4);
INSERT INTO historico_escolar (id_aluno, cod_disc, semestre, ano, nota) VALUES (624486569, 72876574, 4, 2020, 3);
INSERT INTO historico_escolar (id_aluno, cod_disc, semestre, ano, nota) VALUES (624486569, 30048698, 5, 2021, 6);
INSERT INTO historico_escolar (id_aluno, cod_disc, semestre, ano, nota) VALUES (624486569, 72876574, 8, 2023, 9);
INSERT INTO historico_escolar (id_aluno, cod_disc, semestre, ano, nota) VALUES (624486569, 30048698, 8, 2023, 10);
INSERT INTO historico_escolar (id_aluno, cod_disc, semestre, ano, nota) VALUES (624486569, 70237098, 5, 2021, 5);
INSERT INTO historico_escolar (id_aluno, cod_disc, semestre, ano, nota) VALUES (624486569, 70237098, 2, 2018, 7);
INSERT INTO historico_escolar (id_aluno, cod_disc, semestre, ano, nota) VALUES (994550884, 70237098, 4, 2020, 7);
INSERT INTO historico_escolar (id_aluno, cod_disc, semestre, ano, nota) VALUES (994550884, 70237098, 5, 2021, 8);
INSERT INTO historico_escolar (id_aluno, cod_disc, semestre, ano, nota) VALUES (994550884, 75059811, 4, 2020, 4);
INSERT INTO historico_escolar (id_aluno, cod_disc, semestre, ano, nota) VALUES (994550884, 35630293, 3, 2019, 0);
INSERT INTO historico_escolar (id_aluno, cod_disc, semestre, ano, nota) VALUES (994550884, 72876574, 4, 2020, 8);
INSERT INTO historico_escolar (id_aluno, cod_disc, semestre, ano, nota) VALUES (994550884, 75059811, 5, 2021, 0);
INSERT INTO historico_escolar (id_aluno, cod_disc, semestre, ano, nota) VALUES (788679146, 35630293, 8, 2023, 7);
INSERT INTO historico_escolar (id_aluno, cod_disc, semestre, ano, nota) VALUES (788679146, 56809579, 8, 2023, 5);
INSERT INTO historico_escolar (id_aluno, cod_disc, semestre, ano, nota) VALUES (788679146, 30048698, 7, 2022, 10);
INSERT INTO historico_escolar (id_aluno, cod_disc, semestre, ano, nota) VALUES (788679146, 75059811, 4, 2020, 10);
INSERT INTO historico_escolar (id_aluno, cod_disc, semestre, ano, nota) VALUES (788679146, 30048698, 1, 2018, 10);
INSERT INTO historico_escolar (id_aluno, cod_disc, semestre, ano, nota) VALUES (788679146, 35630293, 7, 2022, 0);
INSERT INTO historico_escolar (id_aluno, cod_disc, semestre, ano, nota) VALUES (125747207, 30048698, 2, 2018, 8);
INSERT INTO historico_escolar (id_aluno, cod_disc, semestre, ano, nota) VALUES (125747207, 75059811, 4, 2020, 5);
INSERT INTO historico_escolar (id_aluno, cod_disc, semestre, ano, nota) VALUES (125747207, 30048698, 8, 2023, 2);
INSERT INTO historico_escolar (id_aluno, cod_disc, semestre, ano, nota) VALUES (125747207, 70237098, 3, 2019, 10);
INSERT INTO historico_escolar (id_aluno, cod_disc, semestre, ano, nota) VALUES (125747207, 75059811, 3, 2019, 4);
INSERT INTO historico_escolar (id_aluno, cod_disc, semestre, ano, nota) VALUES (125747207, 30048698, 6, 2021, 0);
INSERT INTO historico_escolar (id_aluno, cod_disc, semestre, ano, nota) VALUES (623688758, 38828350, 5, 2021, 2);
INSERT INTO historico_escolar (id_aluno, cod_disc, semestre, ano, nota) VALUES (623688758, 75059811, 6, 2021, 0);
INSERT INTO historico_escolar (id_aluno, cod_disc, semestre, ano, nota) VALUES (623688758, 30048698, 3, 2019, 3);
INSERT INTO historico_escolar (id_aluno, cod_disc, semestre, ano, nota) VALUES (623688758, 70237098, 7, 2022, 9);
INSERT INTO historico_escolar (id_aluno, cod_disc, semestre, ano, nota) VALUES (623688758, 72876574, 4, 2020, 6);
INSERT INTO historico_escolar (id_aluno, cod_disc, semestre, ano, nota) VALUES (623688758, 72876574, 4, 2020, 0);
INSERT INTO historico_escolar (id_aluno, cod_disc, semestre, ano, nota) VALUES (599644222, 30048698, 6, 2021, 6);
INSERT INTO historico_escolar (id_aluno, cod_disc, semestre, ano, nota) VALUES (599644222, 56809579, 4, 2020, 10);
INSERT INTO historico_escolar (id_aluno, cod_disc, semestre, ano, nota) VALUES (599644222, 75059811, 2, 2018, 3);
INSERT INTO historico_escolar (id_aluno, cod_disc, semestre, ano, nota) VALUES (599644222, 56809579, 2, 2018, 3);
INSERT INTO historico_escolar (id_aluno, cod_disc, semestre, ano, nota) VALUES (599644222, 70237098, 2, 2018, 9);
INSERT INTO historico_escolar (id_aluno, cod_disc, semestre, ano, nota) VALUES (599644222, 70237098, 6, 2021, 8);
INSERT INTO historico_escolar (id_aluno, cod_disc, semestre, ano, nota) VALUES (351243916, 72876574, 8, 2023, 8);
INSERT INTO historico_escolar (id_aluno, cod_disc, semestre, ano, nota) VALUES (351243916, 56809579, 5, 2021, 2);
INSERT INTO historico_escolar (id_aluno, cod_disc, semestre, ano, nota) VALUES (351243916, 72876574, 5, 2021, 4);
INSERT INTO historico_escolar (id_aluno, cod_disc, semestre, ano, nota) VALUES (351243916, 30048698, 2, 2018, 3);
INSERT INTO historico_escolar (id_aluno, cod_disc, semestre, ano, nota) VALUES (351243916, 35630293, 7, 2022, 3);
INSERT INTO historico_escolar (id_aluno, cod_disc, semestre, ano, nota) VALUES (351243916, 72876574, 6, 2021, 10);
INSERT INTO historico_escolar (id_aluno, cod_disc, semestre, ano, nota) VALUES (303266667, 38828350, 7, 2022, 4);
INSERT INTO historico_escolar (id_aluno, cod_disc, semestre, ano, nota) VALUES (303266667, 38828350, 6, 2021, 8);
INSERT INTO historico_escolar (id_aluno, cod_disc, semestre, ano, nota) VALUES (303266667, 35630293, 6, 2021, 8);
INSERT INTO historico_escolar (id_aluno, cod_disc, semestre, ano, nota) VALUES (303266667, 38828350, 8, 2023, 2);
INSERT INTO historico_escolar (id_aluno, cod_disc, semestre, ano, nota) VALUES (303266667, 35630293, 6, 2021, 8);
INSERT INTO historico_escolar (id_aluno, cod_disc, semestre, ano, nota) VALUES (303266667, 56809579, 2, 2018, 0);
INSERT INTO historico_escolar (id_aluno, cod_disc, semestre, ano, nota) VALUES (781032792, 38828350, 3, 2019, 1);
INSERT INTO historico_escolar (id_aluno, cod_disc, semestre, ano, nota) VALUES (781032792, 75059811, 1, 2018, 0);
INSERT INTO historico_escolar (id_aluno, cod_disc, semestre, ano, nota) VALUES (781032792, 72876574, 5, 2021, 9);
INSERT INTO historico_escolar (id_aluno, cod_disc, semestre, ano, nota) VALUES (781032792, 56809579, 4, 2020, 10);
INSERT INTO historico_escolar (id_aluno, cod_disc, semestre, ano, nota) VALUES (781032792, 30048698, 6, 2021, 0);
INSERT INTO historico_escolar (id_aluno, cod_disc, semestre, ano, nota) VALUES (781032792, 38828350, 6, 2021, 5);
INSERT INTO historico_escolar (id_aluno, cod_disc, semestre, ano, nota) VALUES (203791296, 35630293, 1, 2018, 1);
INSERT INTO historico_escolar (id_aluno, cod_disc, semestre, ano, nota) VALUES (203791296, 72876574, 6, 2021, 5);
INSERT INTO historico_escolar (id_aluno, cod_disc, semestre, ano, nota) VALUES (203791296, 72876574, 1, 2018, 0);
INSERT INTO historico_escolar (id_aluno, cod_disc, semestre, ano, nota) VALUES (203791296, 35630293, 2, 2018, 0);
INSERT INTO historico_escolar (id_aluno, cod_disc, semestre, ano, nota) VALUES (203791296, 72876574, 6, 2021, 2);
INSERT INTO historico_escolar (id_aluno, cod_disc, semestre, ano, nota) VALUES (203791296, 70237098, 4, 2020, 5);
INSERT INTO historico_escolar (id_aluno, cod_disc, semestre, ano, nota) VALUES (913417769, 30048698, 5, 2021, 4);
INSERT INTO historico_escolar (id_aluno, cod_disc, semestre, ano, nota) VALUES (913417769, 70237098, 2, 2018, 4);
INSERT INTO historico_escolar (id_aluno, cod_disc, semestre, ano, nota) VALUES (913417769, 35630293, 3, 2019, 5);
INSERT INTO historico_escolar (id_aluno, cod_disc, semestre, ano, nota) VALUES (913417769, 35630293, 3, 2019, 8);
INSERT INTO historico_escolar (id_aluno, cod_disc, semestre, ano, nota) VALUES (913417769, 75059811, 3, 2019, 7);
INSERT INTO historico_escolar (id_aluno, cod_disc, semestre, ano, nota) VALUES (913417769, 38828350, 6, 2021, 0);
INSERT INTO historico_escolar (id_aluno, cod_disc, semestre, ano, nota) VALUES (924766081, 38828350, 1, 2018, 3);
INSERT INTO historico_escolar (id_aluno, cod_disc, semestre, ano, nota) VALUES (924766081, 72876574, 6, 2021, 8);
INSERT INTO historico_escolar (id_aluno, cod_disc, semestre, ano, nota) VALUES (924766081, 70237098, 4, 2020, 3);
INSERT INTO historico_escolar (id_aluno, cod_disc, semestre, ano, nota) VALUES (924766081, 35630293, 4, 2020, 8);
INSERT INTO historico_escolar (id_aluno, cod_disc, semestre, ano, nota) VALUES (924766081, 30048698, 1, 2018, 7);
INSERT INTO historico_escolar (id_aluno, cod_disc, semestre, ano, nota) VALUES (924766081, 35630293, 5, 2021, 9);
INSERT INTO historico_escolar (id_aluno, cod_disc, semestre, ano, nota) VALUES (848650601, 70237098, 1, 2018, 6);
INSERT INTO historico_escolar (id_aluno, cod_disc, semestre, ano, nota) VALUES (848650601, 30048698, 2, 2018, 0);
INSERT INTO historico_escolar (id_aluno, cod_disc, semestre, ano, nota) VALUES (848650601, 56809579, 4, 2020, 5);
INSERT INTO historico_escolar (id_aluno, cod_disc, semestre, ano, nota) VALUES (848650601, 35630293, 4, 2020, 1);
INSERT INTO historico_escolar (id_aluno, cod_disc, semestre, ano, nota) VALUES (848650601, 38828350, 3, 2019, 9);
INSERT INTO historico_escolar (id_aluno, cod_disc, semestre, ano, nota) VALUES (848650601, 75059811, 3, 2019, 9);
INSERT INTO historico_escolar (id_aluno, cod_disc, semestre, ano, nota) VALUES (410771293, 38828350, 3, 2019, 5);
INSERT INTO historico_escolar (id_aluno, cod_disc, semestre, ano, nota) VALUES (410771293, 35630293, 3, 2019, 4);
INSERT INTO historico_escolar (id_aluno, cod_disc, semestre, ano, nota) VALUES (410771293, 35630293, 6, 2021, 9);
INSERT INTO historico_escolar (id_aluno, cod_disc, semestre, ano, nota) VALUES (410771293, 38828350, 3, 2019, 1);
INSERT INTO historico_escolar (id_aluno, cod_disc, semestre, ano, nota) VALUES (410771293, 75059811, 5, 2021, 5);
INSERT INTO historico_escolar (id_aluno, cod_disc, semestre, ano, nota) VALUES (410771293, 30048698, 7, 2022, 3);
INSERT INTO historico_escolar (id_aluno, cod_disc, semestre, ano, nota) VALUES (288847576, 72876574, 1, 2018, 9);
INSERT INTO historico_escolar (id_aluno, cod_disc, semestre, ano, nota) VALUES (288847576, 35630293, 5, 2021, 9);
INSERT INTO historico_escolar (id_aluno, cod_disc, semestre, ano, nota) VALUES (288847576, 38828350, 7, 2022, 9);
INSERT INTO historico_escolar (id_aluno, cod_disc, semestre, ano, nota) VALUES (288847576, 72876574, 6, 2021, 1);
INSERT INTO historico_escolar (id_aluno, cod_disc, semestre, ano, nota) VALUES (288847576, 75059811, 1, 2018, 2);
INSERT INTO historico_escolar (id_aluno, cod_disc, semestre, ano, nota) VALUES (288847576, 30048698, 7, 2022, 3);
INSERT INTO historico_escolar (id_aluno, cod_disc, semestre, ano, nota) VALUES (416424819, 75059811, 7, 2022, 7);
INSERT INTO historico_escolar (id_aluno, cod_disc, semestre, ano, nota) VALUES (416424819, 72876574, 8, 2023, 1);
INSERT INTO historico_escolar (id_aluno, cod_disc, semestre, ano, nota) VALUES (416424819, 70237098, 3, 2019, 7);
INSERT INTO historico_escolar (id_aluno, cod_disc, semestre, ano, nota) VALUES (416424819, 56809579, 8, 2023, 8);
INSERT INTO historico_escolar (id_aluno, cod_disc, semestre, ano, nota) VALUES (416424819, 38828350, 8, 2023, 6);
INSERT INTO historico_escolar (id_aluno, cod_disc, semestre, ano, nota) VALUES (416424819, 70237098, 6, 2021, 10);
INSERT INTO historico_escolar (id_aluno, cod_disc, semestre, ano, nota) VALUES (032603053, 30048698, 2, 2018, 6);
INSERT INTO historico_escolar (id_aluno, cod_disc, semestre, ano, nota) VALUES (032603053, 70237098, 6, 2021, 8);
INSERT INTO historico_escolar (id_aluno, cod_disc, semestre, ano, nota) VALUES (032603053, 72876574, 2, 2018, 3);
INSERT INTO historico_escolar (id_aluno, cod_disc, semestre, ano, nota) VALUES (032603053, 70237098, 2, 2018, 3);
INSERT INTO historico_escolar (id_aluno, cod_disc, semestre, ano, nota) VALUES (032603053, 72876574, 6, 2021, 2);
INSERT INTO historico_escolar (id_aluno, cod_disc, semestre, ano, nota) VALUES (032603053, 72876574, 6, 2021, 9);
INSERT INTO historico_escolar (id_aluno, cod_disc, semestre, ano, nota) VALUES (138901421, 70237098, 3, 2019, 6);
INSERT INTO historico_escolar (id_aluno, cod_disc, semestre, ano, nota) VALUES (138901421, 35630293, 5, 2021, 0);
INSERT INTO historico_escolar (id_aluno, cod_disc, semestre, ano, nota) VALUES (138901421, 30048698, 5, 2021, 5);
INSERT INTO historico_escolar (id_aluno, cod_disc, semestre, ano, nota) VALUES (138901421, 70237098, 2, 2018, 7);
INSERT INTO historico_escolar (id_aluno, cod_disc, semestre, ano, nota) VALUES (138901421, 35630293, 3, 2019, 8);
INSERT INTO historico_escolar (id_aluno, cod_disc, semestre, ano, nota) VALUES (138901421, 72876574, 5, 2021, 4);
INSERT INTO historico_escolar (id_aluno, cod_disc, semestre, ano, nota) VALUES (306111707, 72876574, 7, 2022, 6);
INSERT INTO historico_escolar (id_aluno, cod_disc, semestre, ano, nota) VALUES (306111707, 75059811, 7, 2022, 8);
INSERT INTO historico_escolar (id_aluno, cod_disc, semestre, ano, nota) VALUES (306111707, 70237098, 2, 2018, 2);
INSERT INTO historico_escolar (id_aluno, cod_disc, semestre, ano, nota) VALUES (306111707, 56809579, 2, 2018, 8);
INSERT INTO historico_escolar (id_aluno, cod_disc, semestre, ano, nota) VALUES (306111707, 72876574, 3, 2019, 2);
INSERT INTO historico_escolar (id_aluno, cod_disc, semestre, ano, nota) VALUES (306111707, 35630293, 7, 2022, 4);
INSERT INTO historico_escolar (id_aluno, cod_disc, semestre, ano, nota) VALUES (523481512, 72876574, 5, 2021, 8);
INSERT INTO historico_escolar (id_aluno, cod_disc, semestre, ano, nota) VALUES (523481512, 30048698, 4, 2020, 3);
INSERT INTO historico_escolar (id_aluno, cod_disc, semestre, ano, nota) VALUES (523481512, 35630293, 5, 2021, 10);
INSERT INTO historico_escolar (id_aluno, cod_disc, semestre, ano, nota) VALUES (523481512, 35630293, 4, 2020, 5);
INSERT INTO historico_escolar (id_aluno, cod_disc, semestre, ano, nota) VALUES (523481512, 70237098, 6, 2021, 6);
INSERT INTO historico_escolar (id_aluno, cod_disc, semestre, ano, nota) VALUES (523481512, 35630293, 3, 2019, 9);
INSERT INTO historico_escolar (id_aluno, cod_disc, semestre, ano, nota) VALUES (958134209, 56809579, 4, 2020, 7);
INSERT INTO historico_escolar (id_aluno, cod_disc, semestre, ano, nota) VALUES (958134209, 70237098, 7, 2022, 9);
INSERT INTO historico_escolar (id_aluno, cod_disc, semestre, ano, nota) VALUES (958134209, 35630293, 3, 2019, 1);
INSERT INTO historico_escolar (id_aluno, cod_disc, semestre, ano, nota) VALUES (958134209, 72876574, 4, 2020, 10);
INSERT INTO historico_escolar (id_aluno, cod_disc, semestre, ano, nota) VALUES (958134209, 38828350, 8, 2023, 10);
INSERT INTO historico_escolar (id_aluno, cod_disc, semestre, ano, nota) VALUES (958134209, 72876574, 4, 2020, 3);
INSERT INTO historico_escolar (id_aluno, cod_disc, semestre, ano, nota) VALUES (777464082, 75059811, 5, 2021, 1);
INSERT INTO historico_escolar (id_aluno, cod_disc, semestre, ano, nota) VALUES (777464082, 35630293, 2, 2018, 1);
INSERT INTO historico_escolar (id_aluno, cod_disc, semestre, ano, nota) VALUES (777464082, 75059811, 4, 2020, 8);
INSERT INTO historico_escolar (id_aluno, cod_disc, semestre, ano, nota) VALUES (777464082, 56809579, 1, 2018, 1);
INSERT INTO historico_escolar (id_aluno, cod_disc, semestre, ano, nota) VALUES (777464082, 38828350, 6, 2021, 5);
INSERT INTO historico_escolar (id_aluno, cod_disc, semestre, ano, nota) VALUES (777464082, 72876574, 6, 2021, 1);
INSERT INTO historico_escolar (id_aluno, cod_disc, semestre, ano, nota) VALUES (552781504, 56809579, 3, 2019, 10);
INSERT INTO historico_escolar (id_aluno, cod_disc, semestre, ano, nota) VALUES (552781504, 75059811, 7, 2022, 6);
INSERT INTO historico_escolar (id_aluno, cod_disc, semestre, ano, nota) VALUES (552781504, 72876574, 5, 2021, 7);
INSERT INTO historico_escolar (id_aluno, cod_disc, semestre, ano, nota) VALUES (552781504, 35630293, 8, 2023, 3);
INSERT INTO historico_escolar (id_aluno, cod_disc, semestre, ano, nota) VALUES (552781504, 30048698, 8, 2023, 10);
INSERT INTO historico_escolar (id_aluno, cod_disc, semestre, ano, nota) VALUES (552781504, 35630293, 5, 2021, 3);
INSERT INTO historico_escolar (id_aluno, cod_disc, semestre, ano, nota) VALUES (974804444, 56809579, 5, 2021, 0);
INSERT INTO historico_escolar (id_aluno, cod_disc, semestre, ano, nota) VALUES (974804444, 35630293, 7, 2022, 10);
INSERT INTO historico_escolar (id_aluno, cod_disc, semestre, ano, nota) VALUES (974804444, 70237098, 8, 2023, 7);
INSERT INTO historico_escolar (id_aluno, cod_disc, semestre, ano, nota) VALUES (974804444, 75059811, 6, 2021, 0);
INSERT INTO historico_escolar (id_aluno, cod_disc, semestre, ano, nota) VALUES (974804444, 72876574, 3, 2019, 2);
INSERT INTO historico_escolar (id_aluno, cod_disc, semestre, ano, nota) VALUES (974804444, 35630293, 2, 2018, 2);
INSERT INTO historico_escolar (id_aluno, cod_disc, semestre, ano, nota) VALUES (696503224, 70237098, 2, 2018, 7);
INSERT INTO historico_escolar (id_aluno, cod_disc, semestre, ano, nota) VALUES (696503224, 72876574, 8, 2023, 0);
INSERT INTO historico_escolar (id_aluno, cod_disc, semestre, ano, nota) VALUES (696503224, 35630293, 4, 2020, 4);
INSERT INTO historico_escolar (id_aluno, cod_disc, semestre, ano, nota) VALUES (696503224, 35630293, 4, 2020, 4);
INSERT INTO historico_escolar (id_aluno, cod_disc, semestre, ano, nota) VALUES (696503224, 56809579, 6, 2021, 4);
INSERT INTO historico_escolar (id_aluno, cod_disc, semestre, ano, nota) VALUES (696503224, 72876574, 7, 2022, 8);
INSERT INTO historico_escolar (id_aluno, cod_disc, semestre, ano, nota) VALUES (982396975, 70237098, 8, 2023, 8);
INSERT INTO historico_escolar (id_aluno, cod_disc, semestre, ano, nota) VALUES (982396975, 70237098, 2, 2018, 9);
INSERT INTO historico_escolar (id_aluno, cod_disc, semestre, ano, nota) VALUES (982396975, 75059811, 3, 2019, 0);
INSERT INTO historico_escolar (id_aluno, cod_disc, semestre, ano, nota) VALUES (982396975, 35630293, 5, 2021, 9);
INSERT INTO historico_escolar (id_aluno, cod_disc, semestre, ano, nota) VALUES (982396975, 56809579, 7, 2022, 0);
INSERT INTO historico_escolar (id_aluno, cod_disc, semestre, ano, nota) VALUES (982396975, 70237098, 8, 2023, 3);
INSERT INTO historico_escolar (id_aluno, cod_disc, semestre, ano, nota) VALUES (047669478, 72876574, 4, 2020, 5);
INSERT INTO historico_escolar (id_aluno, cod_disc, semestre, ano, nota) VALUES (047669478, 35630293, 4, 2020, 4);
INSERT INTO historico_escolar (id_aluno, cod_disc, semestre, ano, nota) VALUES (047669478, 72876574, 1, 2018, 8);
INSERT INTO historico_escolar (id_aluno, cod_disc, semestre, ano, nota) VALUES (047669478, 72876574, 2, 2018, 10);
INSERT INTO historico_escolar (id_aluno, cod_disc, semestre, ano, nota) VALUES (047669478, 38828350, 1, 2018, 3);
INSERT INTO historico_escolar (id_aluno, cod_disc, semestre, ano, nota) VALUES (047669478, 72876574, 2, 2018, 1);
INSERT INTO historico_escolar (id_aluno, cod_disc, semestre, ano, nota) VALUES (675600041, 75059811, 8, 2023, 9);
INSERT INTO historico_escolar (id_aluno, cod_disc, semestre, ano, nota) VALUES (675600041, 30048698, 8, 2023, 0);
INSERT INTO historico_escolar (id_aluno, cod_disc, semestre, ano, nota) VALUES (675600041, 72876574, 1, 2018, 9);
INSERT INTO historico_escolar (id_aluno, cod_disc, semestre, ano, nota) VALUES (675600041, 70237098, 2, 2018, 0);
INSERT INTO historico_escolar (id_aluno, cod_disc, semestre, ano, nota) VALUES (675600041, 70237098, 5, 2021, 0);
INSERT INTO historico_escolar (id_aluno, cod_disc, semestre, ano, nota) VALUES (675600041, 70237098, 5, 2021, 0);
INSERT INTO historico_escolar (id_aluno, cod_disc, semestre, ano, nota) VALUES (109775981, 70237098, 3, 2019, 8);
INSERT INTO historico_escolar (id_aluno, cod_disc, semestre, ano, nota) VALUES (109775981, 72876574, 5, 2021, 9);
INSERT INTO historico_escolar (id_aluno, cod_disc, semestre, ano, nota) VALUES (109775981, 38828350, 2, 2018, 8);
INSERT INTO historico_escolar (id_aluno, cod_disc, semestre, ano, nota) VALUES (109775981, 30048698, 5, 2021, 10);
INSERT INTO historico_escolar (id_aluno, cod_disc, semestre, ano, nota) VALUES (109775981, 38828350, 6, 2021, 3);
INSERT INTO historico_escolar (id_aluno, cod_disc, semestre, ano, nota) VALUES (109775981, 72876574, 1, 2018, 7);
INSERT INTO historico_escolar (id_aluno, cod_disc, semestre, ano, nota) VALUES (085946980, 75059811, 1, 2018, 5);
INSERT INTO historico_escolar (id_aluno, cod_disc, semestre, ano, nota) VALUES (085946980, 70237098, 7, 2022, 9);
INSERT INTO historico_escolar (id_aluno, cod_disc, semestre, ano, nota) VALUES (085946980, 35630293, 5, 2021, 7);
INSERT INTO historico_escolar (id_aluno, cod_disc, semestre, ano, nota) VALUES (085946980, 56809579, 8, 2023, 10);
INSERT INTO historico_escolar (id_aluno, cod_disc, semestre, ano, nota) VALUES (085946980, 30048698, 8, 2023, 7);
INSERT INTO historico_escolar (id_aluno, cod_disc, semestre, ano, nota) VALUES (085946980, 72876574, 2, 2018, 2);
INSERT INTO historico_escolar (id_aluno, cod_disc, semestre, ano, nota) VALUES (316461692, 70237098, 5, 2021, 9);
INSERT INTO historico_escolar (id_aluno, cod_disc, semestre, ano, nota) VALUES (316461692, 75059811, 4, 2020, 5);
INSERT INTO historico_escolar (id_aluno, cod_disc, semestre, ano, nota) VALUES (316461692, 72876574, 8, 2023, 2);
INSERT INTO historico_escolar (id_aluno, cod_disc, semestre, ano, nota) VALUES (316461692, 38828350, 6, 2021, 9);
INSERT INTO historico_escolar (id_aluno, cod_disc, semestre, ano, nota) VALUES (316461692, 75059811, 2, 2018, 10);
INSERT INTO historico_escolar (id_aluno, cod_disc, semestre, ano, nota) VALUES (316461692, 72876574, 4, 2020, 8);
INSERT INTO historico_escolar (id_aluno, cod_disc, semestre, ano, nota) VALUES (378649602, 38828350, 3, 2019, 9);
INSERT INTO historico_escolar (id_aluno, cod_disc, semestre, ano, nota) VALUES (378649602, 35630293, 3, 2019, 1);
INSERT INTO historico_escolar (id_aluno, cod_disc, semestre, ano, nota) VALUES (378649602, 56809579, 3, 2019, 2);
INSERT INTO historico_escolar (id_aluno, cod_disc, semestre, ano, nota) VALUES (378649602, 70237098, 5, 2021, 8);
INSERT INTO historico_escolar (id_aluno, cod_disc, semestre, ano, nota) VALUES (378649602, 75059811, 5, 2021, 6);
INSERT INTO historico_escolar (id_aluno, cod_disc, semestre, ano, nota) VALUES (378649602, 72876574, 5, 2021, 3);
INSERT INTO historico_escolar (id_aluno, cod_disc, semestre, ano, nota) VALUES (243832804, 75059811, 5, 2021, 4);
INSERT INTO historico_escolar (id_aluno, cod_disc, semestre, ano, nota) VALUES (243832804, 75059811, 2, 2018, 1);
INSERT INTO historico_escolar (id_aluno, cod_disc, semestre, ano, nota) VALUES (243832804, 35630293, 7, 2022, 1);
INSERT INTO historico_escolar (id_aluno, cod_disc, semestre, ano, nota) VALUES (243832804, 72876574, 7, 2022, 6);
INSERT INTO historico_escolar (id_aluno, cod_disc, semestre, ano, nota) VALUES (243832804, 72876574, 7, 2022, 0);
INSERT INTO historico_escolar (id_aluno, cod_disc, semestre, ano, nota) VALUES (243832804, 38828350, 6, 2021, 2);
INSERT INTO historico_escolar (id_aluno, cod_disc, semestre, ano, nota) VALUES (622505854, 72876574, 7, 2022, 1);
INSERT INTO historico_escolar (id_aluno, cod_disc, semestre, ano, nota) VALUES (622505854, 70237098, 2, 2018, 1);
INSERT INTO historico_escolar (id_aluno, cod_disc, semestre, ano, nota) VALUES (622505854, 75059811, 7, 2022, 4);
INSERT INTO historico_escolar (id_aluno, cod_disc, semestre, ano, nota) VALUES (622505854, 72876574, 5, 2021, 8);
INSERT INTO historico_escolar (id_aluno, cod_disc, semestre, ano, nota) VALUES (622505854, 30048698, 7, 2022, 0);
INSERT INTO historico_escolar (id_aluno, cod_disc, semestre, ano, nota) VALUES (622505854, 72876574, 3, 2019, 5);
INSERT INTO historico_escolar (id_aluno, cod_disc, semestre, ano, nota) VALUES (050465241, 30048698, 2, 2018, 8);
INSERT INTO historico_escolar (id_aluno, cod_disc, semestre, ano, nota) VALUES (050465241, 70237098, 1, 2018, 9);
INSERT INTO historico_escolar (id_aluno, cod_disc, semestre, ano, nota) VALUES (050465241, 30048698, 4, 2020, 1);
INSERT INTO historico_escolar (id_aluno, cod_disc, semestre, ano, nota) VALUES (050465241, 30048698, 7, 2022, 3);
INSERT INTO historico_escolar (id_aluno, cod_disc, semestre, ano, nota) VALUES (050465241, 75059811, 8, 2023, 0);
INSERT INTO historico_escolar (id_aluno, cod_disc, semestre, ano, nota) VALUES (050465241, 35630293, 4, 2020, 6);
INSERT INTO historico_escolar (id_aluno, cod_disc, semestre, ano, nota) VALUES (218756398, 56809579, 5, 2021, 4);
INSERT INTO historico_escolar (id_aluno, cod_disc, semestre, ano, nota) VALUES (218756398, 35630293, 3, 2019, 3);
INSERT INTO historico_escolar (id_aluno, cod_disc, semestre, ano, nota) VALUES (218756398, 30048698, 7, 2022, 6);
INSERT INTO historico_escolar (id_aluno, cod_disc, semestre, ano, nota) VALUES (218756398, 75059811, 2, 2018, 4);
INSERT INTO historico_escolar (id_aluno, cod_disc, semestre, ano, nota) VALUES (218756398, 70237098, 2, 2018, 7);
INSERT INTO historico_escolar (id_aluno, cod_disc, semestre, ano, nota) VALUES (218756398, 70237098, 1, 2018, 5);
INSERT INTO historico_escolar (id_aluno, cod_disc, semestre, ano, nota) VALUES (415514118, 72876574, 5, 2021, 5);
INSERT INTO historico_escolar (id_aluno, cod_disc, semestre, ano, nota) VALUES (415514118, 72876574, 5, 2021, 5);
INSERT INTO historico_escolar (id_aluno, cod_disc, semestre, ano, nota) VALUES (415514118, 56809579, 3, 2019, 7);
INSERT INTO historico_escolar (id_aluno, cod_disc, semestre, ano, nota) VALUES (415514118, 56809579, 3, 2019, 7);
INSERT INTO historico_escolar (id_aluno, cod_disc, semestre, ano, nota) VALUES (415514118, 38828350, 3, 2019, 7);
INSERT INTO historico_escolar (id_aluno, cod_disc, semestre, ano, nota) VALUES (415514118, 56809579, 2, 2018, 3);
INSERT INTO historico_escolar (id_aluno, cod_disc, semestre, ano, nota) VALUES (595812739, 35630293, 3, 2019, 0);
INSERT INTO historico_escolar (id_aluno, cod_disc, semestre, ano, nota) VALUES (595812739, 30048698, 6, 2021, 0);
INSERT INTO historico_escolar (id_aluno, cod_disc, semestre, ano, nota) VALUES (595812739, 30048698, 5, 2021, 5);
INSERT INTO historico_escolar (id_aluno, cod_disc, semestre, ano, nota) VALUES (595812739, 35630293, 7, 2022, 5);
INSERT INTO historico_escolar (id_aluno, cod_disc, semestre, ano, nota) VALUES (595812739, 30048698, 3, 2019, 1);
INSERT INTO historico_escolar (id_aluno, cod_disc, semestre, ano, nota) VALUES (595812739, 35630293, 7, 2022, 5);
INSERT INTO historico_escolar (id_aluno, cod_disc, semestre, ano, nota) VALUES (385765550, 38828350, 6, 2021, 2);
INSERT INTO historico_escolar (id_aluno, cod_disc, semestre, ano, nota) VALUES (385765550, 72876574, 5, 2021, 8);
INSERT INTO historico_escolar (id_aluno, cod_disc, semestre, ano, nota) VALUES (385765550, 75059811, 5, 2021, 1);
INSERT INTO historico_escolar (id_aluno, cod_disc, semestre, ano, nota) VALUES (385765550, 72876574, 7, 2022, 5);
INSERT INTO historico_escolar (id_aluno, cod_disc, semestre, ano, nota) VALUES (385765550, 30048698, 4, 2020, 10);
INSERT INTO historico_escolar (id_aluno, cod_disc, semestre, ano, nota) VALUES (385765550, 38828350, 1, 2018, 3);
INSERT INTO historico_escolar (id_aluno, cod_disc, semestre, ano, nota) VALUES (674506776, 30048698, 2, 2018, 3);
INSERT INTO historico_escolar (id_aluno, cod_disc, semestre, ano, nota) VALUES (674506776, 72876574, 2, 2018, 9);
INSERT INTO historico_escolar (id_aluno, cod_disc, semestre, ano, nota) VALUES (674506776, 72876574, 4, 2020, 1);
INSERT INTO historico_escolar (id_aluno, cod_disc, semestre, ano, nota) VALUES (674506776, 30048698, 1, 2018, 8);
INSERT INTO historico_escolar (id_aluno, cod_disc, semestre, ano, nota) VALUES (674506776, 72876574, 8, 2023, 2);
INSERT INTO historico_escolar (id_aluno, cod_disc, semestre, ano, nota) VALUES (674506776, 35630293, 1, 2018, 2);
INSERT INTO historico_disc_professor (id_prof, cod_disc, semestre, ano) VALUES (76645, 99873341, 2, 2011);
INSERT INTO historico_disc_professor (id_prof, cod_disc, semestre, ano) VALUES (76645, 54208989, 7, 2006);
INSERT INTO historico_disc_professor (id_prof, cod_disc, semestre, ano) VALUES (76645, 63895057, 3, 2021);
INSERT INTO historico_disc_professor (id_prof, cod_disc, semestre, ano) VALUES (76645, 53892537, 1, 2005);
INSERT INTO historico_disc_professor (id_prof, cod_disc, semestre, ano) VALUES (76645, 72876574, 7, 2016);
INSERT INTO historico_disc_professor (id_prof, cod_disc, semestre, ano) VALUES (76645, 85929840, 8, 2015);
INSERT INTO historico_disc_professor (id_prof, cod_disc, semestre, ano) VALUES (76645, 79995264, 8, 2010);
INSERT INTO historico_disc_professor (id_prof, cod_disc, semestre, ano) VALUES (76645, 72713061, 7, 2022);
INSERT INTO historico_disc_professor (id_prof, cod_disc, semestre, ano) VALUES (76645, 05478586, 8, 2015);
INSERT INTO historico_disc_professor (id_prof, cod_disc, semestre, ano) VALUES (76645, 16171057, 7, 2017);
INSERT INTO historico_disc_professor (id_prof, cod_disc, semestre, ano) VALUES (76645, 39767662, 8, 2023);
INSERT INTO historico_disc_professor (id_prof, cod_disc, semestre, ano) VALUES (76645, 53892537, 4, 2021);
INSERT INTO historico_disc_professor (id_prof, cod_disc, semestre, ano) VALUES (76645, 11404520, 8, 2017);
INSERT INTO historico_disc_professor (id_prof, cod_disc, semestre, ano) VALUES (76645, 17360588, 7, 2007);
INSERT INTO historico_disc_professor (id_prof, cod_disc, semestre, ano) VALUES (76645, 05478586, 2, 2021);
INSERT INTO historico_disc_professor (id_prof, cod_disc, semestre, ano) VALUES (76645, 50747799, 1, 2006);
INSERT INTO historico_disc_professor (id_prof, cod_disc, semestre, ano) VALUES (76645, 92637118, 9, 2022);
INSERT INTO historico_disc_professor (id_prof, cod_disc, semestre, ano) VALUES (76645, 08074481, 8, 2013);
INSERT INTO historico_disc_professor (id_prof, cod_disc, semestre, ano) VALUES (76645, 08074481, 8, 2011);
INSERT INTO historico_disc_professor (id_prof, cod_disc, semestre, ano) VALUES (76645, 85929840, 4, 2024);
INSERT INTO historico_disc_professor (id_prof, cod_disc, semestre, ano) VALUES (28944, 82288050, 9, 2008);
INSERT INTO historico_disc_professor (id_prof, cod_disc, semestre, ano) VALUES (28944, 99177737, 1, 2003);
INSERT INTO historico_disc_professor (id_prof, cod_disc, semestre, ano) VALUES (28944, 05478586, 8, 2023);
INSERT INTO historico_disc_professor (id_prof, cod_disc, semestre, ano) VALUES (28944, 48510484, 5, 2013);
INSERT INTO historico_disc_professor (id_prof, cod_disc, semestre, ano) VALUES (28944, 30964869, 7, 2015);
INSERT INTO historico_disc_professor (id_prof, cod_disc, semestre, ano) VALUES (28944, 99492585, 3, 2001);
INSERT INTO historico_disc_professor (id_prof, cod_disc, semestre, ano) VALUES (28944, 82475416, 4, 2000);
INSERT INTO historico_disc_professor (id_prof, cod_disc, semestre, ano) VALUES (28944, 41350236, 5, 2005);
INSERT INTO historico_disc_professor (id_prof, cod_disc, semestre, ano) VALUES (28944, 01907748, 2, 2022);
INSERT INTO historico_disc_professor (id_prof, cod_disc, semestre, ano) VALUES (28944, 53918602, 6, 2002);
INSERT INTO historico_disc_professor (id_prof, cod_disc, semestre, ano) VALUES (28944, 66013825, 4, 2000);
INSERT INTO historico_disc_professor (id_prof, cod_disc, semestre, ano) VALUES (28944, 85929840, 8, 2017);
INSERT INTO historico_disc_professor (id_prof, cod_disc, semestre, ano) VALUES (28944, 70237098, 3, 2019);
INSERT INTO historico_disc_professor (id_prof, cod_disc, semestre, ano) VALUES (28944, 74478505, 1, 2020);
INSERT INTO historico_disc_professor (id_prof, cod_disc, semestre, ano) VALUES (28944, 00070562, 8, 2004);
INSERT INTO historico_disc_professor (id_prof, cod_disc, semestre, ano) VALUES (28944, 43263742, 9, 2019);
INSERT INTO historico_disc_professor (id_prof, cod_disc, semestre, ano) VALUES (28944, 67711680, 9, 2009);
INSERT INTO historico_disc_professor (id_prof, cod_disc, semestre, ano) VALUES (28944, 01907748, 9, 2023);
INSERT INTO historico_disc_professor (id_prof, cod_disc, semestre, ano) VALUES (28944, 11404520, 3, 2003);
INSERT INTO historico_disc_professor (id_prof, cod_disc, semestre, ano) VALUES (28944, 24563580, 5, 2017);
INSERT INTO historico_disc_professor (id_prof, cod_disc, semestre, ano) VALUES (87835, 46921820, 1, 2016);
INSERT INTO historico_disc_professor (id_prof, cod_disc, semestre, ano) VALUES (87835, 03269082, 1, 2000);
INSERT INTO historico_disc_professor (id_prof, cod_disc, semestre, ano) VALUES (87835, 85929840, 8, 2002);
INSERT INTO historico_disc_professor (id_prof, cod_disc, semestre, ano) VALUES (87835, 56809579, 7, 2011);
INSERT INTO historico_disc_professor (id_prof, cod_disc, semestre, ano) VALUES (87835, 53892537, 1, 2016);
INSERT INTO historico_disc_professor (id_prof, cod_disc, semestre, ano) VALUES (87835, 53892537, 7, 2023);
INSERT INTO historico_disc_professor (id_prof, cod_disc, semestre, ano) VALUES (87835, 19649071, 1, 2005);
INSERT INTO historico_disc_professor (id_prof, cod_disc, semestre, ano) VALUES (87835, 48877337, 7, 2023);
INSERT INTO historico_disc_professor (id_prof, cod_disc, semestre, ano) VALUES (87835, 41350236, 2, 2022);
INSERT INTO historico_disc_professor (id_prof, cod_disc, semestre, ano) VALUES (87835, 48877337, 6, 2015);
INSERT INTO historico_disc_professor (id_prof, cod_disc, semestre, ano) VALUES (87835, 56899603, 4, 2004);
INSERT INTO historico_disc_professor (id_prof, cod_disc, semestre, ano) VALUES (87835, 12782161, 3, 2021);
INSERT INTO historico_disc_professor (id_prof, cod_disc, semestre, ano) VALUES (87835, 80590634, 2, 2004);
INSERT INTO historico_disc_professor (id_prof, cod_disc, semestre, ano) VALUES (87835, 92637118, 4, 2021);
INSERT INTO historico_disc_professor (id_prof, cod_disc, semestre, ano) VALUES (87835, 46128786, 8, 2005);
INSERT INTO historico_disc_professor (id_prof, cod_disc, semestre, ano) VALUES (87835, 78920977, 1, 2003);
INSERT INTO historico_disc_professor (id_prof, cod_disc, semestre, ano) VALUES (87835, 44731116, 6, 2006);
INSERT INTO historico_disc_professor (id_prof, cod_disc, semestre, ano) VALUES (87835, 93583535, 1, 2012);
INSERT INTO historico_disc_professor (id_prof, cod_disc, semestre, ano) VALUES (87835, 66013825, 7, 2023);
INSERT INTO historico_disc_professor (id_prof, cod_disc, semestre, ano) VALUES (87835, 72713061, 2, 2001);
INSERT INTO historico_disc_professor (id_prof, cod_disc, semestre, ano) VALUES (89870, 39767662, 3, 2012);
INSERT INTO historico_disc_professor (id_prof, cod_disc, semestre, ano) VALUES (89870, 81465604, 4, 2003);
INSERT INTO historico_disc_professor (id_prof, cod_disc, semestre, ano) VALUES (89870, 68031826, 2, 2019);
INSERT INTO historico_disc_professor (id_prof, cod_disc, semestre, ano) VALUES (89870, 16171057, 1, 2008);
INSERT INTO historico_disc_professor (id_prof, cod_disc, semestre, ano) VALUES (89870, 13033420, 7, 2012);
INSERT INTO historico_disc_professor (id_prof, cod_disc, semestre, ano) VALUES (89870, 38828350, 8, 2000);
INSERT INTO historico_disc_professor (id_prof, cod_disc, semestre, ano) VALUES (89870, 61988830, 3, 2008);
INSERT INTO historico_disc_professor (id_prof, cod_disc, semestre, ano) VALUES (89870, 74478505, 1, 2023);
INSERT INTO historico_disc_professor (id_prof, cod_disc, semestre, ano) VALUES (89870, 88144991, 2, 2004);
INSERT INTO historico_disc_professor (id_prof, cod_disc, semestre, ano) VALUES (89870, 32717745, 1, 2010);
INSERT INTO historico_disc_professor (id_prof, cod_disc, semestre, ano) VALUES (89870, 13666445, 7, 2013);
INSERT INTO historico_disc_professor (id_prof, cod_disc, semestre, ano) VALUES (89870, 13591915, 3, 2005);
INSERT INTO historico_disc_professor (id_prof, cod_disc, semestre, ano) VALUES (89870, 69375846, 6, 2003);
INSERT INTO historico_disc_professor (id_prof, cod_disc, semestre, ano) VALUES (89870, 98309571, 7, 2004);
INSERT INTO historico_disc_professor (id_prof, cod_disc, semestre, ano) VALUES (89870, 12027589, 7, 2004);
INSERT INTO historico_disc_professor (id_prof, cod_disc, semestre, ano) VALUES (89870, 31321367, 3, 2003);
INSERT INTO historico_disc_professor (id_prof, cod_disc, semestre, ano) VALUES (89870, 36116645, 6, 2000);
INSERT INTO historico_disc_professor (id_prof, cod_disc, semestre, ano) VALUES (89870, 46128786, 2, 2007);
INSERT INTO historico_disc_professor (id_prof, cod_disc, semestre, ano) VALUES (89870, 21119652, 4, 2016);
INSERT INTO historico_disc_professor (id_prof, cod_disc, semestre, ano) VALUES (89870, 16171057, 6, 2000);
INSERT INTO historico_disc_professor (id_prof, cod_disc, semestre, ano) VALUES (16938, 13548741, 4, 2011);
INSERT INTO historico_disc_professor (id_prof, cod_disc, semestre, ano) VALUES (16938, 13666445, 2, 2017);
INSERT INTO historico_disc_professor (id_prof, cod_disc, semestre, ano) VALUES (16938, 00070562, 8, 2001);
INSERT INTO historico_disc_professor (id_prof, cod_disc, semestre, ano) VALUES (16938, 12027589, 2, 2011);
INSERT INTO historico_disc_professor (id_prof, cod_disc, semestre, ano) VALUES (16938, 39767662, 4, 2024);
INSERT INTO historico_disc_professor (id_prof, cod_disc, semestre, ano) VALUES (16938, 46020229, 3, 2002);
INSERT INTO historico_disc_professor (id_prof, cod_disc, semestre, ano) VALUES (16938, 48877337, 7, 2018);
INSERT INTO historico_disc_professor (id_prof, cod_disc, semestre, ano) VALUES (16938, 35053452, 4, 2011);
INSERT INTO historico_disc_professor (id_prof, cod_disc, semestre, ano) VALUES (16938, 75059811, 5, 2009);
INSERT INTO historico_disc_professor (id_prof, cod_disc, semestre, ano) VALUES (16938, 70237098, 5, 2017);
INSERT INTO historico_disc_professor (id_prof, cod_disc, semestre, ano) VALUES (16938, 17551526, 9, 2009);
INSERT INTO historico_disc_professor (id_prof, cod_disc, semestre, ano) VALUES (16938, 91090234, 2, 2005);
INSERT INTO historico_disc_professor (id_prof, cod_disc, semestre, ano) VALUES (16938, 74478505, 5, 2011);
INSERT INTO historico_disc_professor (id_prof, cod_disc, semestre, ano) VALUES (16938, 39767662, 1, 2023);
INSERT INTO historico_disc_professor (id_prof, cod_disc, semestre, ano) VALUES (16938, 74478505, 6, 2022);
INSERT INTO historico_disc_professor (id_prof, cod_disc, semestre, ano) VALUES (16938, 53699907, 5, 2010);
INSERT INTO historico_disc_professor (id_prof, cod_disc, semestre, ano) VALUES (16938, 82288050, 5, 2024);
INSERT INTO historico_disc_professor (id_prof, cod_disc, semestre, ano) VALUES (16938, 99873341, 3, 2022);
INSERT INTO historico_disc_professor (id_prof, cod_disc, semestre, ano) VALUES (16938, 53699907, 3, 2000);
INSERT INTO historico_disc_professor (id_prof, cod_disc, semestre, ano) VALUES (16938, 16171057, 3, 2004);
INSERT INTO historico_disc_professor (id_prof, cod_disc, semestre, ano) VALUES (69335, 62525820, 6, 2012);
INSERT INTO historico_disc_professor (id_prof, cod_disc, semestre, ano) VALUES (69335, 82288050, 9, 2001);
INSERT INTO historico_disc_professor (id_prof, cod_disc, semestre, ano) VALUES (69335, 17551526, 8, 2022);
INSERT INTO historico_disc_professor (id_prof, cod_disc, semestre, ano) VALUES (69335, 46020229, 8, 2017);
INSERT INTO historico_disc_professor (id_prof, cod_disc, semestre, ano) VALUES (69335, 01907748, 7, 2003);
INSERT INTO historico_disc_professor (id_prof, cod_disc, semestre, ano) VALUES (69335, 98309571, 2, 2012);
INSERT INTO historico_disc_professor (id_prof, cod_disc, semestre, ano) VALUES (69335, 81465604, 9, 2019);
INSERT INTO historico_disc_professor (id_prof, cod_disc, semestre, ano) VALUES (69335, 05478586, 7, 2007);
INSERT INTO historico_disc_professor (id_prof, cod_disc, semestre, ano) VALUES (69335, 61988830, 3, 2005);
INSERT INTO historico_disc_professor (id_prof, cod_disc, semestre, ano) VALUES (69335, 53918602, 9, 2011);
INSERT INTO historico_disc_professor (id_prof, cod_disc, semestre, ano) VALUES (69335, 05478586, 5, 2021);
INSERT INTO historico_disc_professor (id_prof, cod_disc, semestre, ano) VALUES (69335, 41574547, 3, 2004);
INSERT INTO historico_disc_professor (id_prof, cod_disc, semestre, ano) VALUES (69335, 11404520, 6, 2003);
INSERT INTO historico_disc_professor (id_prof, cod_disc, semestre, ano) VALUES (69335, 67711680, 3, 2015);
INSERT INTO historico_disc_professor (id_prof, cod_disc, semestre, ano) VALUES (69335, 22342964, 5, 2013);
INSERT INTO historico_disc_professor (id_prof, cod_disc, semestre, ano) VALUES (69335, 35053452, 4, 2007);
INSERT INTO historico_disc_professor (id_prof, cod_disc, semestre, ano) VALUES (69335, 36031147, 6, 2013);
INSERT INTO historico_disc_professor (id_prof, cod_disc, semestre, ano) VALUES (69335, 46128786, 9, 2000);
INSERT INTO historico_disc_professor (id_prof, cod_disc, semestre, ano) VALUES (69335, 26192328, 9, 2003);
INSERT INTO historico_disc_professor (id_prof, cod_disc, semestre, ano) VALUES (69335, 74478505, 5, 2004);
INSERT INTO historico_disc_professor (id_prof, cod_disc, semestre, ano) VALUES (04658, 43263742, 1, 2011);
INSERT INTO historico_disc_professor (id_prof, cod_disc, semestre, ano) VALUES (04658, 76776617, 4, 2006);
INSERT INTO historico_disc_professor (id_prof, cod_disc, semestre, ano) VALUES (04658, 80590634, 1, 2018);
INSERT INTO historico_disc_professor (id_prof, cod_disc, semestre, ano) VALUES (04658, 13033420, 5, 2014);
INSERT INTO historico_disc_professor (id_prof, cod_disc, semestre, ano) VALUES (04658, 75059811, 7, 2018);
INSERT INTO historico_disc_professor (id_prof, cod_disc, semestre, ano) VALUES (04658, 13738699, 2, 2013);
INSERT INTO historico_disc_professor (id_prof, cod_disc, semestre, ano) VALUES (04658, 93269605, 6, 2011);
INSERT INTO historico_disc_professor (id_prof, cod_disc, semestre, ano) VALUES (04658, 44731116, 4, 2023);
INSERT INTO historico_disc_professor (id_prof, cod_disc, semestre, ano) VALUES (04658, 03269082, 7, 2023);
INSERT INTO historico_disc_professor (id_prof, cod_disc, semestre, ano) VALUES (04658, 89489250, 4, 2013);
INSERT INTO historico_disc_professor (id_prof, cod_disc, semestre, ano) VALUES (04658, 91090234, 3, 2021);
INSERT INTO historico_disc_professor (id_prof, cod_disc, semestre, ano) VALUES (04658, 12460072, 3, 2001);
INSERT INTO historico_disc_professor (id_prof, cod_disc, semestre, ano) VALUES (04658, 17360588, 9, 2023);
INSERT INTO historico_disc_professor (id_prof, cod_disc, semestre, ano) VALUES (04658, 89489250, 4, 2023);
INSERT INTO historico_disc_professor (id_prof, cod_disc, semestre, ano) VALUES (04658, 48510484, 7, 2004);
INSERT INTO historico_disc_professor (id_prof, cod_disc, semestre, ano) VALUES (04658, 61988830, 4, 2021);
INSERT INTO historico_disc_professor (id_prof, cod_disc, semestre, ano) VALUES (04658, 81465604, 4, 2007);
INSERT INTO historico_disc_professor (id_prof, cod_disc, semestre, ano) VALUES (04658, 56899603, 8, 2023);
INSERT INTO historico_disc_professor (id_prof, cod_disc, semestre, ano) VALUES (04658, 48003781, 3, 2017);
INSERT INTO historico_disc_professor (id_prof, cod_disc, semestre, ano) VALUES (04658, 99177737, 8, 2015);
INSERT INTO historico_disc_professor (id_prof, cod_disc, semestre, ano) VALUES (60957, 95930162, 1, 2003);
INSERT INTO historico_disc_professor (id_prof, cod_disc, semestre, ano) VALUES (60957, 67682498, 8, 2023);
INSERT INTO historico_disc_professor (id_prof, cod_disc, semestre, ano) VALUES (60957, 35053452, 3, 2004);
INSERT INTO historico_disc_professor (id_prof, cod_disc, semestre, ano) VALUES (60957, 48510484, 6, 2008);
INSERT INTO historico_disc_professor (id_prof, cod_disc, semestre, ano) VALUES (60957, 66013825, 1, 2011);
INSERT INTO historico_disc_professor (id_prof, cod_disc, semestre, ano) VALUES (60957, 99177737, 7, 2016);
INSERT INTO historico_disc_professor (id_prof, cod_disc, semestre, ano) VALUES (60957, 44731116, 8, 2005);
INSERT INTO historico_disc_professor (id_prof, cod_disc, semestre, ano) VALUES (60957, 36116645, 5, 2003);
INSERT INTO historico_disc_professor (id_prof, cod_disc, semestre, ano) VALUES (60957, 13666445, 3, 2021);
INSERT INTO historico_disc_professor (id_prof, cod_disc, semestre, ano) VALUES (60957, 01141078, 9, 2009);
INSERT INTO historico_disc_professor (id_prof, cod_disc, semestre, ano) VALUES (60957, 31835137, 2, 2013);
INSERT INTO historico_disc_professor (id_prof, cod_disc, semestre, ano) VALUES (60957, 93583535, 6, 2018);
INSERT INTO historico_disc_professor (id_prof, cod_disc, semestre, ano) VALUES (60957, 36116645, 2, 2012);
INSERT INTO historico_disc_professor (id_prof, cod_disc, semestre, ano) VALUES (60957, 40285768, 6, 2004);
INSERT INTO historico_disc_professor (id_prof, cod_disc, semestre, ano) VALUES (60957, 00070562, 6, 2009);
INSERT INTO historico_disc_professor (id_prof, cod_disc, semestre, ano) VALUES (60957, 93583535, 6, 2022);
INSERT INTO historico_disc_professor (id_prof, cod_disc, semestre, ano) VALUES (60957, 27301672, 1, 2022);
INSERT INTO historico_disc_professor (id_prof, cod_disc, semestre, ano) VALUES (60957, 50747799, 9, 2017);
INSERT INTO historico_disc_professor (id_prof, cod_disc, semestre, ano) VALUES (60957, 88144991, 4, 2003);
INSERT INTO historico_disc_professor (id_prof, cod_disc, semestre, ano) VALUES (60957, 82475416, 7, 2002);
INSERT INTO historico_disc_professor (id_prof, cod_disc, semestre, ano) VALUES (76443, 31321367, 9, 2007);
INSERT INTO historico_disc_professor (id_prof, cod_disc, semestre, ano) VALUES (76443, 72893308, 2, 2013);
INSERT INTO historico_disc_professor (id_prof, cod_disc, semestre, ano) VALUES (76443, 88144991, 6, 2023);
INSERT INTO historico_disc_professor (id_prof, cod_disc, semestre, ano) VALUES (76443, 72893308, 9, 2019);
INSERT INTO historico_disc_professor (id_prof, cod_disc, semestre, ano) VALUES (76443, 40285768, 9, 2010);
INSERT INTO historico_disc_professor (id_prof, cod_disc, semestre, ano) VALUES (76443, 43263742, 8, 2003);
INSERT INTO historico_disc_professor (id_prof, cod_disc, semestre, ano) VALUES (76443, 36031147, 5, 2017);
INSERT INTO historico_disc_professor (id_prof, cod_disc, semestre, ano) VALUES (76443, 13548741, 4, 2019);
INSERT INTO historico_disc_professor (id_prof, cod_disc, semestre, ano) VALUES (76443, 54208989, 9, 2023);
INSERT INTO historico_disc_professor (id_prof, cod_disc, semestre, ano) VALUES (76443, 53918602, 2, 2003);
INSERT INTO historico_disc_professor (id_prof, cod_disc, semestre, ano) VALUES (76443, 48877337, 7, 2013);
INSERT INTO historico_disc_professor (id_prof, cod_disc, semestre, ano) VALUES (76443, 43263742, 8, 2023);
INSERT INTO historico_disc_professor (id_prof, cod_disc, semestre, ano) VALUES (76443, 48877337, 5, 2006);
INSERT INTO historico_disc_professor (id_prof, cod_disc, semestre, ano) VALUES (76443, 88144991, 3, 2006);
INSERT INTO historico_disc_professor (id_prof, cod_disc, semestre, ano) VALUES (76443, 36116645, 9, 2012);
INSERT INTO historico_disc_professor (id_prof, cod_disc, semestre, ano) VALUES (76443, 00070562, 1, 2013);
INSERT INTO historico_disc_professor (id_prof, cod_disc, semestre, ano) VALUES (76443, 61988830, 7, 2017);
INSERT INTO historico_disc_professor (id_prof, cod_disc, semestre, ano) VALUES (76443, 75059811, 5, 2011);
INSERT INTO historico_disc_professor (id_prof, cod_disc, semestre, ano) VALUES (76443, 88144991, 6, 2024);
INSERT INTO historico_disc_professor (id_prof, cod_disc, semestre, ano) VALUES (76443, 24563580, 3, 2013);
INSERT INTO historico_disc_professor (id_prof, cod_disc, semestre, ano) VALUES (08118, 35630293, 5, 2017);
INSERT INTO historico_disc_professor (id_prof, cod_disc, semestre, ano) VALUES (08118, 32717745, 4, 2009);
INSERT INTO historico_disc_professor (id_prof, cod_disc, semestre, ano) VALUES (08118, 04233389, 6, 2002);
INSERT INTO historico_disc_professor (id_prof, cod_disc, semestre, ano) VALUES (08118, 33879970, 9, 2000);
INSERT INTO historico_disc_professor (id_prof, cod_disc, semestre, ano) VALUES (08118, 13033420, 6, 2000);
INSERT INTO historico_disc_professor (id_prof, cod_disc, semestre, ano) VALUES (08118, 13738699, 4, 2020);
INSERT INTO historico_disc_professor (id_prof, cod_disc, semestre, ano) VALUES (08118, 99177737, 6, 2003);
INSERT INTO historico_disc_professor (id_prof, cod_disc, semestre, ano) VALUES (08118, 04233389, 1, 2022);
INSERT INTO historico_disc_professor (id_prof, cod_disc, semestre, ano) VALUES (08118, 35053452, 8, 2008);
INSERT INTO historico_disc_professor (id_prof, cod_disc, semestre, ano) VALUES (08118, 81465604, 7, 2004);
INSERT INTO historico_disc_professor (id_prof, cod_disc, semestre, ano) VALUES (08118, 99492585, 2, 2010);
INSERT INTO historico_disc_professor (id_prof, cod_disc, semestre, ano) VALUES (08118, 96508821, 9, 2016);
INSERT INTO historico_disc_professor (id_prof, cod_disc, semestre, ano) VALUES (08118, 53918602, 2, 2003);
INSERT INTO historico_disc_professor (id_prof, cod_disc, semestre, ano) VALUES (08118, 81465604, 6, 2021);
INSERT INTO historico_disc_professor (id_prof, cod_disc, semestre, ano) VALUES (08118, 44731116, 1, 2003);
INSERT INTO historico_disc_professor (id_prof, cod_disc, semestre, ano) VALUES (08118, 82475416, 1, 2006);
INSERT INTO historico_disc_professor (id_prof, cod_disc, semestre, ano) VALUES (08118, 31321367, 1, 2004);
INSERT INTO historico_disc_professor (id_prof, cod_disc, semestre, ano) VALUES (08118, 38828350, 9, 2021);
INSERT INTO historico_disc_professor (id_prof, cod_disc, semestre, ano) VALUES (08118, 50747799, 3, 2019);
INSERT INTO historico_disc_professor (id_prof, cod_disc, semestre, ano) VALUES (08118, 13738699, 2, 2010);
INSERT INTO historico_disc_professor (id_prof, cod_disc, semestre, ano) VALUES (74354, 17402713, 3, 2005);
INSERT INTO historico_disc_professor (id_prof, cod_disc, semestre, ano) VALUES (74354, 04233389, 3, 2020);
INSERT INTO historico_disc_professor (id_prof, cod_disc, semestre, ano) VALUES (74354, 17402713, 2, 2014);
INSERT INTO historico_disc_professor (id_prof, cod_disc, semestre, ano) VALUES (74354, 48003781, 8, 2022);
INSERT INTO historico_disc_professor (id_prof, cod_disc, semestre, ano) VALUES (74354, 03269082, 6, 2000);
INSERT INTO historico_disc_professor (id_prof, cod_disc, semestre, ano) VALUES (74354, 93583535, 5, 2018);
INSERT INTO historico_disc_professor (id_prof, cod_disc, semestre, ano) VALUES (74354, 53892537, 4, 2003);
INSERT INTO historico_disc_professor (id_prof, cod_disc, semestre, ano) VALUES (74354, 53699907, 8, 2014);
INSERT INTO historico_disc_professor (id_prof, cod_disc, semestre, ano) VALUES (74354, 33879970, 3, 2019);
INSERT INTO historico_disc_professor (id_prof, cod_disc, semestre, ano) VALUES (74354, 91090234, 1, 2017);
INSERT INTO historico_disc_professor (id_prof, cod_disc, semestre, ano) VALUES (74354, 00070562, 9, 2017);
INSERT INTO historico_disc_professor (id_prof, cod_disc, semestre, ano) VALUES (74354, 54208989, 5, 2001);
INSERT INTO historico_disc_professor (id_prof, cod_disc, semestre, ano) VALUES (74354, 30964869, 6, 2023);
INSERT INTO historico_disc_professor (id_prof, cod_disc, semestre, ano) VALUES (74354, 92637118, 1, 2022);
INSERT INTO historico_disc_professor (id_prof, cod_disc, semestre, ano) VALUES (74354, 54208989, 3, 2018);
INSERT INTO historico_disc_professor (id_prof, cod_disc, semestre, ano) VALUES (74354, 82475416, 5, 2015);
INSERT INTO historico_disc_professor (id_prof, cod_disc, semestre, ano) VALUES (74354, 80590634, 8, 2001);
INSERT INTO historico_disc_professor (id_prof, cod_disc, semestre, ano) VALUES (74354, 01141078, 7, 2007);
INSERT INTO historico_disc_professor (id_prof, cod_disc, semestre, ano) VALUES (74354, 27301672, 8, 2022);
INSERT INTO historico_disc_professor (id_prof, cod_disc, semestre, ano) VALUES (74354, 63895057, 9, 2006);
INSERT INTO historico_disc_professor (id_prof, cod_disc, semestre, ano) VALUES (20129, 17402713, 3, 2018);
INSERT INTO historico_disc_professor (id_prof, cod_disc, semestre, ano) VALUES (20129, 56809579, 5, 2002);
INSERT INTO historico_disc_professor (id_prof, cod_disc, semestre, ano) VALUES (20129, 74478505, 4, 2024);
INSERT INTO historico_disc_professor (id_prof, cod_disc, semestre, ano) VALUES (20129, 79829607, 3, 2020);
INSERT INTO historico_disc_professor (id_prof, cod_disc, semestre, ano) VALUES (20129, 69375846, 4, 2001);
INSERT INTO historico_disc_professor (id_prof, cod_disc, semestre, ano) VALUES (20129, 79995264, 4, 2022);
INSERT INTO historico_disc_professor (id_prof, cod_disc, semestre, ano) VALUES (20129, 93269605, 2, 2023);
INSERT INTO historico_disc_professor (id_prof, cod_disc, semestre, ano) VALUES (20129, 38828350, 5, 2017);
INSERT INTO historico_disc_professor (id_prof, cod_disc, semestre, ano) VALUES (20129, 13033420, 5, 2016);
INSERT INTO historico_disc_professor (id_prof, cod_disc, semestre, ano) VALUES (20129, 28200045, 3, 2016);
INSERT INTO historico_disc_professor (id_prof, cod_disc, semestre, ano) VALUES (20129, 46128786, 3, 2021);
INSERT INTO historico_disc_professor (id_prof, cod_disc, semestre, ano) VALUES (20129, 56809579, 2, 2011);
INSERT INTO historico_disc_professor (id_prof, cod_disc, semestre, ano) VALUES (20129, 72713061, 3, 2019);
INSERT INTO historico_disc_professor (id_prof, cod_disc, semestre, ano) VALUES (20129, 54208989, 7, 2019);
INSERT INTO historico_disc_professor (id_prof, cod_disc, semestre, ano) VALUES (20129, 43263742, 3, 2008);
INSERT INTO historico_disc_professor (id_prof, cod_disc, semestre, ano) VALUES (20129, 82288050, 8, 2020);
INSERT INTO historico_disc_professor (id_prof, cod_disc, semestre, ano) VALUES (20129, 40285768, 3, 2004);
INSERT INTO historico_disc_professor (id_prof, cod_disc, semestre, ano) VALUES (20129, 12460072, 7, 2016);
INSERT INTO historico_disc_professor (id_prof, cod_disc, semestre, ano) VALUES (20129, 32717745, 5, 2013);
INSERT INTO historico_disc_professor (id_prof, cod_disc, semestre, ano) VALUES (20129, 50747799, 6, 2000);
INSERT INTO historico_disc_professor (id_prof, cod_disc, semestre, ano) VALUES (43645, 78920977, 6, 2022);
INSERT INTO historico_disc_professor (id_prof, cod_disc, semestre, ano) VALUES (43645, 89489250, 1, 2024);
INSERT INTO historico_disc_professor (id_prof, cod_disc, semestre, ano) VALUES (43645, 92637118, 3, 2015);
INSERT INTO historico_disc_professor (id_prof, cod_disc, semestre, ano) VALUES (43645, 91090234, 4, 2022);
INSERT INTO historico_disc_professor (id_prof, cod_disc, semestre, ano) VALUES (43645, 95930162, 4, 2016);
INSERT INTO historico_disc_professor (id_prof, cod_disc, semestre, ano) VALUES (43645, 13591915, 4, 2015);
INSERT INTO historico_disc_professor (id_prof, cod_disc, semestre, ano) VALUES (43645, 12460072, 6, 2016);
INSERT INTO historico_disc_professor (id_prof, cod_disc, semestre, ano) VALUES (43645, 96508821, 1, 2015);
INSERT INTO historico_disc_professor (id_prof, cod_disc, semestre, ano) VALUES (43645, 11404520, 2, 2024);
INSERT INTO historico_disc_professor (id_prof, cod_disc, semestre, ano) VALUES (43645, 18578016, 9, 2008);
INSERT INTO historico_disc_professor (id_prof, cod_disc, semestre, ano) VALUES (43645, 03269082, 2, 2003);
INSERT INTO historico_disc_professor (id_prof, cod_disc, semestre, ano) VALUES (43645, 17551526, 3, 2015);
INSERT INTO historico_disc_professor (id_prof, cod_disc, semestre, ano) VALUES (43645, 68031826, 1, 2000);
INSERT INTO historico_disc_professor (id_prof, cod_disc, semestre, ano) VALUES (43645, 93583535, 4, 2023);
INSERT INTO historico_disc_professor (id_prof, cod_disc, semestre, ano) VALUES (43645, 05478586, 3, 2006);
INSERT INTO historico_disc_professor (id_prof, cod_disc, semestre, ano) VALUES (43645, 79995264, 4, 2010);
INSERT INTO historico_disc_professor (id_prof, cod_disc, semestre, ano) VALUES (43645, 62525820, 8, 2012);
INSERT INTO historico_disc_professor (id_prof, cod_disc, semestre, ano) VALUES (43645, 17551526, 4, 2021);
INSERT INTO historico_disc_professor (id_prof, cod_disc, semestre, ano) VALUES (43645, 43263742, 2, 2005);
INSERT INTO historico_disc_professor (id_prof, cod_disc, semestre, ano) VALUES (43645, 30048698, 3, 2003);
INSERT INTO historico_disc_professor (id_prof, cod_disc, semestre, ano) VALUES (44653, 76776617, 3, 2021);
INSERT INTO historico_disc_professor (id_prof, cod_disc, semestre, ano) VALUES (44653, 56899603, 3, 2023);
INSERT INTO historico_disc_professor (id_prof, cod_disc, semestre, ano) VALUES (44653, 50747799, 8, 2024);
INSERT INTO historico_disc_professor (id_prof, cod_disc, semestre, ano) VALUES (44653, 12782161, 5, 2024);
INSERT INTO historico_disc_professor (id_prof, cod_disc, semestre, ano) VALUES (44653, 13666445, 4, 2020);
INSERT INTO historico_disc_professor (id_prof, cod_disc, semestre, ano) VALUES (44653, 81465604, 5, 2007);
INSERT INTO historico_disc_professor (id_prof, cod_disc, semestre, ano) VALUES (44653, 35983430, 9, 2024);
INSERT INTO historico_disc_professor (id_prof, cod_disc, semestre, ano) VALUES (44653, 88144991, 2, 2019);
INSERT INTO historico_disc_professor (id_prof, cod_disc, semestre, ano) VALUES (44653, 79829607, 1, 2009);
INSERT INTO historico_disc_professor (id_prof, cod_disc, semestre, ano) VALUES (44653, 51688452, 6, 2014);
INSERT INTO historico_disc_professor (id_prof, cod_disc, semestre, ano) VALUES (44653, 46020229, 4, 2010);
INSERT INTO historico_disc_professor (id_prof, cod_disc, semestre, ano) VALUES (44653, 40285768, 9, 2016);
INSERT INTO historico_disc_professor (id_prof, cod_disc, semestre, ano) VALUES (44653, 81465604, 2, 2002);
INSERT INTO historico_disc_professor (id_prof, cod_disc, semestre, ano) VALUES (44653, 46128786, 8, 2016);
INSERT INTO historico_disc_professor (id_prof, cod_disc, semestre, ano) VALUES (44653, 82475416, 6, 2012);
INSERT INTO historico_disc_professor (id_prof, cod_disc, semestre, ano) VALUES (44653, 12460072, 7, 2016);
INSERT INTO historico_disc_professor (id_prof, cod_disc, semestre, ano) VALUES (44653, 38828350, 7, 2003);
INSERT INTO historico_disc_professor (id_prof, cod_disc, semestre, ano) VALUES (44653, 21460142, 5, 2016);
INSERT INTO historico_disc_professor (id_prof, cod_disc, semestre, ano) VALUES (44653, 72893308, 1, 2003);
INSERT INTO historico_disc_professor (id_prof, cod_disc, semestre, ano) VALUES (44653, 68031826, 4, 2018);
INSERT INTO historico_disc_professor (id_prof, cod_disc, semestre, ano) VALUES (33400, 12027589, 1, 2009);
INSERT INTO historico_disc_professor (id_prof, cod_disc, semestre, ano) VALUES (33400, 85929840, 8, 2004);
INSERT INTO historico_disc_professor (id_prof, cod_disc, semestre, ano) VALUES (33400, 12460072, 7, 2000);
INSERT INTO historico_disc_professor (id_prof, cod_disc, semestre, ano) VALUES (33400, 85929840, 1, 2014);
INSERT INTO historico_disc_professor (id_prof, cod_disc, semestre, ano) VALUES (33400, 93583535, 9, 2020);
INSERT INTO historico_disc_professor (id_prof, cod_disc, semestre, ano) VALUES (33400, 46020229, 5, 2005);
INSERT INTO historico_disc_professor (id_prof, cod_disc, semestre, ano) VALUES (33400, 17360588, 5, 2021);
INSERT INTO historico_disc_professor (id_prof, cod_disc, semestre, ano) VALUES (33400, 30964869, 4, 2009);
INSERT INTO historico_disc_professor (id_prof, cod_disc, semestre, ano) VALUES (33400, 21119652, 7, 2024);
INSERT INTO historico_disc_professor (id_prof, cod_disc, semestre, ano) VALUES (33400, 67682498, 6, 2014);
INSERT INTO historico_disc_professor (id_prof, cod_disc, semestre, ano) VALUES (33400, 30048698, 8, 2007);
INSERT INTO historico_disc_professor (id_prof, cod_disc, semestre, ano) VALUES (33400, 72876574, 1, 2012);
INSERT INTO historico_disc_professor (id_prof, cod_disc, semestre, ano) VALUES (33400, 19737997, 9, 2011);
INSERT INTO historico_disc_professor (id_prof, cod_disc, semestre, ano) VALUES (33400, 53699907, 1, 2019);
INSERT INTO historico_disc_professor (id_prof, cod_disc, semestre, ano) VALUES (33400, 82816622, 7, 2002);
INSERT INTO historico_disc_professor (id_prof, cod_disc, semestre, ano) VALUES (33400, 30964869, 6, 2011);
INSERT INTO historico_disc_professor (id_prof, cod_disc, semestre, ano) VALUES (33400, 21119652, 9, 2024);
INSERT INTO historico_disc_professor (id_prof, cod_disc, semestre, ano) VALUES (33400, 82475416, 9, 2012);
INSERT INTO historico_disc_professor (id_prof, cod_disc, semestre, ano) VALUES (33400, 19737997, 2, 2015);
INSERT INTO historico_disc_professor (id_prof, cod_disc, semestre, ano) VALUES (33400, 80590634, 6, 2000);
INSERT INTO historico_disc_professor (id_prof, cod_disc, semestre, ano) VALUES (04265, 35983430, 1, 2012);
INSERT INTO historico_disc_professor (id_prof, cod_disc, semestre, ano) VALUES (04265, 99492585, 7, 2008);
INSERT INTO historico_disc_professor (id_prof, cod_disc, semestre, ano) VALUES (04265, 41350236, 3, 2021);
INSERT INTO historico_disc_professor (id_prof, cod_disc, semestre, ano) VALUES (04265, 13591915, 4, 2014);
INSERT INTO historico_disc_professor (id_prof, cod_disc, semestre, ano) VALUES (04265, 28200045, 6, 2016);
INSERT INTO historico_disc_professor (id_prof, cod_disc, semestre, ano) VALUES (04265, 31835137, 8, 2002);
INSERT INTO historico_disc_professor (id_prof, cod_disc, semestre, ano) VALUES (04265, 31835137, 1, 2001);
INSERT INTO historico_disc_professor (id_prof, cod_disc, semestre, ano) VALUES (04265, 69375846, 6, 2010);
INSERT INTO historico_disc_professor (id_prof, cod_disc, semestre, ano) VALUES (04265, 95930162, 2, 2009);
INSERT INTO historico_disc_professor (id_prof, cod_disc, semestre, ano) VALUES (04265, 17402713, 9, 2010);
INSERT INTO historico_disc_professor (id_prof, cod_disc, semestre, ano) VALUES (04265, 32717745, 7, 2000);
INSERT INTO historico_disc_professor (id_prof, cod_disc, semestre, ano) VALUES (04265, 17402713, 7, 2004);
INSERT INTO historico_disc_professor (id_prof, cod_disc, semestre, ano) VALUES (04265, 12027589, 1, 2004);
INSERT INTO historico_disc_professor (id_prof, cod_disc, semestre, ano) VALUES (04265, 44731116, 8, 2023);
INSERT INTO historico_disc_professor (id_prof, cod_disc, semestre, ano) VALUES (04265, 46921820, 2, 2007);
INSERT INTO historico_disc_professor (id_prof, cod_disc, semestre, ano) VALUES (04265, 18578016, 9, 2020);
INSERT INTO historico_disc_professor (id_prof, cod_disc, semestre, ano) VALUES (04265, 68031826, 9, 2007);
INSERT INTO historico_disc_professor (id_prof, cod_disc, semestre, ano) VALUES (04265, 01907748, 1, 2004);
INSERT INTO historico_disc_professor (id_prof, cod_disc, semestre, ano) VALUES (04265, 35983430, 2, 2022);
INSERT INTO historico_disc_professor (id_prof, cod_disc, semestre, ano) VALUES (04265, 17360588, 5, 2007);
INSERT INTO historico_disc_professor (id_prof, cod_disc, semestre, ano) VALUES (67361, 98309571, 5, 2007);
INSERT INTO historico_disc_professor (id_prof, cod_disc, semestre, ano) VALUES (67361, 44731116, 9, 2010);
INSERT INTO historico_disc_professor (id_prof, cod_disc, semestre, ano) VALUES (67361, 32717745, 1, 2021);
INSERT INTO historico_disc_professor (id_prof, cod_disc, semestre, ano) VALUES (67361, 96508821, 6, 2003);
INSERT INTO historico_disc_professor (id_prof, cod_disc, semestre, ano) VALUES (67361, 36116645, 3, 2004);
INSERT INTO historico_disc_professor (id_prof, cod_disc, semestre, ano) VALUES (67361, 22342964, 6, 2004);
INSERT INTO historico_disc_professor (id_prof, cod_disc, semestre, ano) VALUES (67361, 53918602, 9, 2022);
INSERT INTO historico_disc_professor (id_prof, cod_disc, semestre, ano) VALUES (67361, 67711680, 1, 2024);
INSERT INTO historico_disc_professor (id_prof, cod_disc, semestre, ano) VALUES (67361, 16171057, 3, 2002);
INSERT INTO historico_disc_professor (id_prof, cod_disc, semestre, ano) VALUES (67361, 99492585, 8, 2001);
INSERT INTO historico_disc_professor (id_prof, cod_disc, semestre, ano) VALUES (67361, 56899603, 7, 2011);
INSERT INTO historico_disc_professor (id_prof, cod_disc, semestre, ano) VALUES (67361, 61270275, 5, 2004);
INSERT INTO historico_disc_professor (id_prof, cod_disc, semestre, ano) VALUES (67361, 21119652, 9, 2013);
INSERT INTO historico_disc_professor (id_prof, cod_disc, semestre, ano) VALUES (67361, 96508821, 6, 2013);
INSERT INTO historico_disc_professor (id_prof, cod_disc, semestre, ano) VALUES (67361, 92637118, 9, 2012);
INSERT INTO historico_disc_professor (id_prof, cod_disc, semestre, ano) VALUES (67361, 82475416, 4, 2007);
INSERT INTO historico_disc_professor (id_prof, cod_disc, semestre, ano) VALUES (67361, 82816622, 2, 2021);
INSERT INTO historico_disc_professor (id_prof, cod_disc, semestre, ano) VALUES (67361, 01141078, 8, 2022);
INSERT INTO historico_disc_professor (id_prof, cod_disc, semestre, ano) VALUES (67361, 56809579, 2, 2005);
INSERT INTO historico_disc_professor (id_prof, cod_disc, semestre, ano) VALUES (67361, 72713061, 8, 2012);
INSERT INTO historico_disc_professor (id_prof, cod_disc, semestre, ano) VALUES (97007, 19737997, 8, 2002);
INSERT INTO historico_disc_professor (id_prof, cod_disc, semestre, ano) VALUES (97007, 17402713, 7, 2022);
INSERT INTO historico_disc_professor (id_prof, cod_disc, semestre, ano) VALUES (97007, 21460142, 4, 2005);
INSERT INTO historico_disc_professor (id_prof, cod_disc, semestre, ano) VALUES (97007, 67682498, 9, 2004);
INSERT INTO historico_disc_professor (id_prof, cod_disc, semestre, ano) VALUES (97007, 95930162, 4, 2004);
INSERT INTO historico_disc_professor (id_prof, cod_disc, semestre, ano) VALUES (97007, 56899603, 4, 2018);
INSERT INTO historico_disc_professor (id_prof, cod_disc, semestre, ano) VALUES (97007, 18578016, 5, 2009);
INSERT INTO historico_disc_professor (id_prof, cod_disc, semestre, ano) VALUES (97007, 81465604, 5, 2015);
INSERT INTO historico_disc_professor (id_prof, cod_disc, semestre, ano) VALUES (97007, 35053452, 8, 2005);
INSERT INTO historico_disc_professor (id_prof, cod_disc, semestre, ano) VALUES (97007, 62525820, 4, 2013);
INSERT INTO historico_disc_professor (id_prof, cod_disc, semestre, ano) VALUES (97007, 72893308, 8, 2013);
INSERT INTO historico_disc_professor (id_prof, cod_disc, semestre, ano) VALUES (97007, 63895057, 6, 2022);
INSERT INTO historico_disc_professor (id_prof, cod_disc, semestre, ano) VALUES (97007, 33879970, 3, 2003);
INSERT INTO historico_disc_professor (id_prof, cod_disc, semestre, ano) VALUES (97007, 01907748, 1, 2004);
INSERT INTO historico_disc_professor (id_prof, cod_disc, semestre, ano) VALUES (97007, 51688452, 6, 2008);
INSERT INTO historico_disc_professor (id_prof, cod_disc, semestre, ano) VALUES (97007, 91090234, 5, 2012);
INSERT INTO historico_disc_professor (id_prof, cod_disc, semestre, ano) VALUES (97007, 24563580, 9, 2006);
INSERT INTO historico_disc_professor (id_prof, cod_disc, semestre, ano) VALUES (97007, 62525820, 9, 2019);
INSERT INTO historico_disc_professor (id_prof, cod_disc, semestre, ano) VALUES (97007, 01141078, 4, 2008);
INSERT INTO historico_disc_professor (id_prof, cod_disc, semestre, ano) VALUES (97007, 62525820, 3, 2020);
INSERT INTO historico_disc_professor (id_prof, cod_disc, semestre, ano) VALUES (77095, 46921820, 1, 2010);
INSERT INTO historico_disc_professor (id_prof, cod_disc, semestre, ano) VALUES (77095, 48003781, 8, 2006);
INSERT INTO historico_disc_professor (id_prof, cod_disc, semestre, ano) VALUES (77095, 53918602, 4, 2012);
INSERT INTO historico_disc_professor (id_prof, cod_disc, semestre, ano) VALUES (77095, 21460142, 7, 2001);
INSERT INTO historico_disc_professor (id_prof, cod_disc, semestre, ano) VALUES (77095, 70237098, 2, 2011);
INSERT INTO historico_disc_professor (id_prof, cod_disc, semestre, ano) VALUES (77095, 01141078, 5, 2006);
INSERT INTO historico_disc_professor (id_prof, cod_disc, semestre, ano) VALUES (77095, 51688452, 1, 2007);
INSERT INTO historico_disc_professor (id_prof, cod_disc, semestre, ano) VALUES (77095, 51688452, 4, 2012);
INSERT INTO historico_disc_professor (id_prof, cod_disc, semestre, ano) VALUES (77095, 70237098, 4, 2009);
INSERT INTO historico_disc_professor (id_prof, cod_disc, semestre, ano) VALUES (77095, 98309571, 9, 2015);
INSERT INTO historico_disc_professor (id_prof, cod_disc, semestre, ano) VALUES (77095, 82288050, 6, 2005);
INSERT INTO historico_disc_professor (id_prof, cod_disc, semestre, ano) VALUES (77095, 39767662, 6, 2019);
INSERT INTO historico_disc_professor (id_prof, cod_disc, semestre, ano) VALUES (77095, 99177737, 4, 2022);
INSERT INTO historico_disc_professor (id_prof, cod_disc, semestre, ano) VALUES (77095, 92637118, 7, 2016);
INSERT INTO historico_disc_professor (id_prof, cod_disc, semestre, ano) VALUES (77095, 21119652, 2, 2022);
INSERT INTO historico_disc_professor (id_prof, cod_disc, semestre, ano) VALUES (77095, 74478505, 7, 2001);
INSERT INTO historico_disc_professor (id_prof, cod_disc, semestre, ano) VALUES (77095, 22342964, 8, 2000);
INSERT INTO historico_disc_professor (id_prof, cod_disc, semestre, ano) VALUES (77095, 17360588, 7, 2008);
INSERT INTO historico_disc_professor (id_prof, cod_disc, semestre, ano) VALUES (77095, 89489250, 3, 2003);
INSERT INTO historico_disc_professor (id_prof, cod_disc, semestre, ano) VALUES (77095, 21119652, 4, 2000);
INSERT INTO historico_disc_professor (id_prof, cod_disc, semestre, ano) VALUES (50203, 99873341, 1, 2017);
INSERT INTO historico_disc_professor (id_prof, cod_disc, semestre, ano) VALUES (50203, 19737997, 8, 2007);
INSERT INTO historico_disc_professor (id_prof, cod_disc, semestre, ano) VALUES (50203, 22342964, 5, 2009);
INSERT INTO historico_disc_professor (id_prof, cod_disc, semestre, ano) VALUES (50203, 75805455, 4, 2017);
INSERT INTO historico_disc_professor (id_prof, cod_disc, semestre, ano) VALUES (50203, 96508821, 9, 2003);
INSERT INTO historico_disc_professor (id_prof, cod_disc, semestre, ano) VALUES (50203, 48003781, 8, 2004);
INSERT INTO historico_disc_professor (id_prof, cod_disc, semestre, ano) VALUES (50203, 74478505, 4, 2007);
INSERT INTO historico_disc_professor (id_prof, cod_disc, semestre, ano) VALUES (50203, 70237098, 6, 2022);
INSERT INTO historico_disc_professor (id_prof, cod_disc, semestre, ano) VALUES (50203, 91090234, 9, 2019);
INSERT INTO historico_disc_professor (id_prof, cod_disc, semestre, ano) VALUES (50203, 26192328, 7, 2020);
INSERT INTO historico_disc_professor (id_prof, cod_disc, semestre, ano) VALUES (50203, 28200045, 8, 2011);
INSERT INTO historico_disc_professor (id_prof, cod_disc, semestre, ano) VALUES (50203, 99492585, 9, 2021);
INSERT INTO historico_disc_professor (id_prof, cod_disc, semestre, ano) VALUES (50203, 66013825, 8, 2013);
INSERT INTO historico_disc_professor (id_prof, cod_disc, semestre, ano) VALUES (50203, 99177737, 9, 2001);
INSERT INTO historico_disc_professor (id_prof, cod_disc, semestre, ano) VALUES (50203, 16171057, 3, 2006);
INSERT INTO historico_disc_professor (id_prof, cod_disc, semestre, ano) VALUES (50203, 99873341, 7, 2015);
INSERT INTO historico_disc_professor (id_prof, cod_disc, semestre, ano) VALUES (50203, 38828350, 5, 2013);
INSERT INTO historico_disc_professor (id_prof, cod_disc, semestre, ano) VALUES (50203, 93269605, 6, 2008);
INSERT INTO historico_disc_professor (id_prof, cod_disc, semestre, ano) VALUES (50203, 66013825, 4, 2006);
INSERT INTO historico_disc_professor (id_prof, cod_disc, semestre, ano) VALUES (50203, 66013825, 4, 2008);
INSERT INTO historico_disc_professor (id_prof, cod_disc, semestre, ano) VALUES (22280, 93269605, 4, 2009);
INSERT INTO historico_disc_professor (id_prof, cod_disc, semestre, ano) VALUES (22280, 66013825, 9, 2011);
INSERT INTO historico_disc_professor (id_prof, cod_disc, semestre, ano) VALUES (22280, 31321367, 2, 2018);
INSERT INTO historico_disc_professor (id_prof, cod_disc, semestre, ano) VALUES (22280, 21119652, 6, 2020);
INSERT INTO historico_disc_professor (id_prof, cod_disc, semestre, ano) VALUES (22280, 76776617, 1, 2024);
INSERT INTO historico_disc_professor (id_prof, cod_disc, semestre, ano) VALUES (22280, 51688452, 1, 2001);
INSERT INTO historico_disc_professor (id_prof, cod_disc, semestre, ano) VALUES (22280, 12027589, 3, 2023);
INSERT INTO historico_disc_professor (id_prof, cod_disc, semestre, ano) VALUES (22280, 30964869, 3, 2020);
INSERT INTO historico_disc_professor (id_prof, cod_disc, semestre, ano) VALUES (22280, 56809579, 4, 2001);
INSERT INTO historico_disc_professor (id_prof, cod_disc, semestre, ano) VALUES (22280, 04233389, 7, 2016);
INSERT INTO historico_disc_professor (id_prof, cod_disc, semestre, ano) VALUES (22280, 75059811, 4, 2015);
INSERT INTO historico_disc_professor (id_prof, cod_disc, semestre, ano) VALUES (22280, 11404520, 2, 2016);
INSERT INTO historico_disc_professor (id_prof, cod_disc, semestre, ano) VALUES (22280, 13548741, 5, 2021);
INSERT INTO historico_disc_professor (id_prof, cod_disc, semestre, ano) VALUES (22280, 41574547, 5, 2007);
INSERT INTO historico_disc_professor (id_prof, cod_disc, semestre, ano) VALUES (22280, 01141078, 4, 2013);
INSERT INTO historico_disc_professor (id_prof, cod_disc, semestre, ano) VALUES (22280, 30964869, 7, 2024);
INSERT INTO historico_disc_professor (id_prof, cod_disc, semestre, ano) VALUES (22280, 51688452, 7, 2010);
INSERT INTO historico_disc_professor (id_prof, cod_disc, semestre, ano) VALUES (22280, 21460142, 3, 2009);
INSERT INTO historico_disc_professor (id_prof, cod_disc, semestre, ano) VALUES (22280, 91090234, 9, 2023);
INSERT INTO historico_disc_professor (id_prof, cod_disc, semestre, ano) VALUES (22280, 74478505, 2, 2013);
INSERT INTO historico_disc_professor (id_prof, cod_disc, semestre, ano) VALUES (85460, 12027589, 6, 2013);
INSERT INTO historico_disc_professor (id_prof, cod_disc, semestre, ano) VALUES (85460, 44731116, 9, 2022);
INSERT INTO historico_disc_professor (id_prof, cod_disc, semestre, ano) VALUES (85460, 12027589, 9, 2012);
INSERT INTO historico_disc_professor (id_prof, cod_disc, semestre, ano) VALUES (85460, 67711680, 7, 2000);
INSERT INTO historico_disc_professor (id_prof, cod_disc, semestre, ano) VALUES (85460, 53699907, 3, 2019);
INSERT INTO historico_disc_professor (id_prof, cod_disc, semestre, ano) VALUES (85460, 92217637, 1, 2011);
INSERT INTO historico_disc_professor (id_prof, cod_disc, semestre, ano) VALUES (85460, 85929840, 3, 2007);
INSERT INTO historico_disc_professor (id_prof, cod_disc, semestre, ano) VALUES (85460, 26192328, 1, 2003);
INSERT INTO historico_disc_professor (id_prof, cod_disc, semestre, ano) VALUES (85460, 88144991, 1, 2014);
INSERT INTO historico_disc_professor (id_prof, cod_disc, semestre, ano) VALUES (85460, 00070562, 6, 2006);
INSERT INTO historico_disc_professor (id_prof, cod_disc, semestre, ano) VALUES (85460, 22342964, 6, 2003);
INSERT INTO historico_disc_professor (id_prof, cod_disc, semestre, ano) VALUES (85460, 75805455, 5, 2011);
INSERT INTO historico_disc_professor (id_prof, cod_disc, semestre, ano) VALUES (85460, 12782161, 9, 2012);
INSERT INTO historico_disc_professor (id_prof, cod_disc, semestre, ano) VALUES (85460, 74478505, 4, 2021);
INSERT INTO historico_disc_professor (id_prof, cod_disc, semestre, ano) VALUES (85460, 46921820, 8, 2008);
INSERT INTO historico_disc_professor (id_prof, cod_disc, semestre, ano) VALUES (85460, 56809579, 6, 2014);
INSERT INTO historico_disc_professor (id_prof, cod_disc, semestre, ano) VALUES (85460, 61988830, 7, 2000);
INSERT INTO historico_disc_professor (id_prof, cod_disc, semestre, ano) VALUES (85460, 21460142, 4, 2000);
INSERT INTO historico_disc_professor (id_prof, cod_disc, semestre, ano) VALUES (85460, 15061869, 7, 2024);
INSERT INTO historico_disc_professor (id_prof, cod_disc, semestre, ano) VALUES (85460, 62525820, 3, 2010);
INSERT INTO historico_disc_professor (id_prof, cod_disc, semestre, ano) VALUES (75158, 13738699, 9, 2015);
INSERT INTO historico_disc_professor (id_prof, cod_disc, semestre, ano) VALUES (75158, 56899603, 9, 2013);
INSERT INTO historico_disc_professor (id_prof, cod_disc, semestre, ano) VALUES (75158, 01907748, 1, 2015);
INSERT INTO historico_disc_professor (id_prof, cod_disc, semestre, ano) VALUES (75158, 99873341, 5, 2019);
INSERT INTO historico_disc_professor (id_prof, cod_disc, semestre, ano) VALUES (75158, 67711680, 1, 2023);
INSERT INTO historico_disc_professor (id_prof, cod_disc, semestre, ano) VALUES (75158, 72893308, 1, 2007);
INSERT INTO historico_disc_professor (id_prof, cod_disc, semestre, ano) VALUES (75158, 80590634, 1, 2010);
INSERT INTO historico_disc_professor (id_prof, cod_disc, semestre, ano) VALUES (75158, 21119652, 4, 2006);
INSERT INTO historico_disc_professor (id_prof, cod_disc, semestre, ano) VALUES (75158, 68031826, 3, 2011);
INSERT INTO historico_disc_professor (id_prof, cod_disc, semestre, ano) VALUES (75158, 99177737, 6, 2003);
INSERT INTO historico_disc_professor (id_prof, cod_disc, semestre, ano) VALUES (75158, 82816622, 1, 2022);
INSERT INTO historico_disc_professor (id_prof, cod_disc, semestre, ano) VALUES (75158, 33879970, 6, 2020);
INSERT INTO historico_disc_professor (id_prof, cod_disc, semestre, ano) VALUES (75158, 99492585, 6, 2014);
INSERT INTO historico_disc_professor (id_prof, cod_disc, semestre, ano) VALUES (75158, 89489250, 2, 2014);
INSERT INTO historico_disc_professor (id_prof, cod_disc, semestre, ano) VALUES (75158, 31321367, 2, 2020);
INSERT INTO historico_disc_professor (id_prof, cod_disc, semestre, ano) VALUES (75158, 26192328, 5, 2015);
INSERT INTO historico_disc_professor (id_prof, cod_disc, semestre, ano) VALUES (75158, 21460142, 3, 2007);
INSERT INTO historico_disc_professor (id_prof, cod_disc, semestre, ano) VALUES (75158, 99177737, 3, 2022);
INSERT INTO historico_disc_professor (id_prof, cod_disc, semestre, ano) VALUES (75158, 56899603, 4, 2005);
INSERT INTO historico_disc_professor (id_prof, cod_disc, semestre, ano) VALUES (75158, 93269605, 8, 2007);
INSERT INTO historico_disc_professor (id_prof, cod_disc, semestre, ano) VALUES (89828, 96508821, 7, 2006);
INSERT INTO historico_disc_professor (id_prof, cod_disc, semestre, ano) VALUES (89828, 92637118, 3, 2021);
INSERT INTO historico_disc_professor (id_prof, cod_disc, semestre, ano) VALUES (89828, 19737997, 2, 2000);
INSERT INTO historico_disc_professor (id_prof, cod_disc, semestre, ano) VALUES (89828, 92217637, 2, 2012);
INSERT INTO historico_disc_professor (id_prof, cod_disc, semestre, ano) VALUES (89828, 51688452, 7, 2008);
INSERT INTO historico_disc_professor (id_prof, cod_disc, semestre, ano) VALUES (89828, 72713061, 6, 2000);
INSERT INTO historico_disc_professor (id_prof, cod_disc, semestre, ano) VALUES (89828, 95930162, 1, 2019);
INSERT INTO historico_disc_professor (id_prof, cod_disc, semestre, ano) VALUES (89828, 13591915, 8, 2019);
INSERT INTO historico_disc_professor (id_prof, cod_disc, semestre, ano) VALUES (89828, 46921820, 7, 2002);
INSERT INTO historico_disc_professor (id_prof, cod_disc, semestre, ano) VALUES (89828, 99492585, 8, 2018);
INSERT INTO historico_disc_professor (id_prof, cod_disc, semestre, ano) VALUES (89828, 17360588, 3, 2003);
INSERT INTO historico_disc_professor (id_prof, cod_disc, semestre, ano) VALUES (89828, 17360588, 3, 2006);
INSERT INTO historico_disc_professor (id_prof, cod_disc, semestre, ano) VALUES (89828, 13666445, 9, 2001);
INSERT INTO historico_disc_professor (id_prof, cod_disc, semestre, ano) VALUES (89828, 13548741, 3, 2004);
INSERT INTO historico_disc_professor (id_prof, cod_disc, semestre, ano) VALUES (89828, 36116645, 4, 2016);
INSERT INTO historico_disc_professor (id_prof, cod_disc, semestre, ano) VALUES (89828, 89489250, 1, 2023);
INSERT INTO historico_disc_professor (id_prof, cod_disc, semestre, ano) VALUES (89828, 30964869, 1, 2010);
INSERT INTO historico_disc_professor (id_prof, cod_disc, semestre, ano) VALUES (89828, 17551526, 4, 2012);
INSERT INTO historico_disc_professor (id_prof, cod_disc, semestre, ano) VALUES (89828, 11404520, 6, 2009);
INSERT INTO historico_disc_professor (id_prof, cod_disc, semestre, ano) VALUES (89828, 24563580, 2, 2011);
INSERT INTO historico_disc_professor (id_prof, cod_disc, semestre, ano) VALUES (80612, 41574547, 3, 2014);
INSERT INTO historico_disc_professor (id_prof, cod_disc, semestre, ano) VALUES (80612, 21460142, 1, 2023);
INSERT INTO historico_disc_professor (id_prof, cod_disc, semestre, ano) VALUES (80612, 72713061, 7, 2023);
INSERT INTO historico_disc_professor (id_prof, cod_disc, semestre, ano) VALUES (80612, 82475416, 6, 2020);
INSERT INTO historico_disc_professor (id_prof, cod_disc, semestre, ano) VALUES (80612, 69375846, 5, 2001);
INSERT INTO historico_disc_professor (id_prof, cod_disc, semestre, ano) VALUES (80612, 27389421, 8, 2022);
INSERT INTO historico_disc_professor (id_prof, cod_disc, semestre, ano) VALUES (80612, 08074481, 7, 2010);
INSERT INTO historico_disc_professor (id_prof, cod_disc, semestre, ano) VALUES (80612, 80590634, 5, 2000);
INSERT INTO historico_disc_professor (id_prof, cod_disc, semestre, ano) VALUES (80612, 79829607, 3, 2001);
INSERT INTO historico_disc_professor (id_prof, cod_disc, semestre, ano) VALUES (80612, 01141078, 8, 2017);
INSERT INTO historico_disc_professor (id_prof, cod_disc, semestre, ano) VALUES (80612, 82816622, 5, 2005);
INSERT INTO historico_disc_professor (id_prof, cod_disc, semestre, ano) VALUES (80612, 74478505, 5, 2022);
INSERT INTO historico_disc_professor (id_prof, cod_disc, semestre, ano) VALUES (80612, 41574547, 6, 2015);
INSERT INTO historico_disc_professor (id_prof, cod_disc, semestre, ano) VALUES (80612, 24563580, 7, 2020);
INSERT INTO historico_disc_professor (id_prof, cod_disc, semestre, ano) VALUES (80612, 82816622, 6, 2004);
INSERT INTO historico_disc_professor (id_prof, cod_disc, semestre, ano) VALUES (80612, 01141078, 7, 2013);
INSERT INTO historico_disc_professor (id_prof, cod_disc, semestre, ano) VALUES (80612, 50747799, 5, 2003);
INSERT INTO historico_disc_professor (id_prof, cod_disc, semestre, ano) VALUES (80612, 46020229, 5, 2014);
INSERT INTO historico_disc_professor (id_prof, cod_disc, semestre, ano) VALUES (80612, 82816622, 4, 2021);
INSERT INTO historico_disc_professor (id_prof, cod_disc, semestre, ano) VALUES (80612, 30964869, 7, 2015);
INSERT INTO historico_disc_professor (id_prof, cod_disc, semestre, ano) VALUES (11018, 50747799, 8, 2022);
INSERT INTO historico_disc_professor (id_prof, cod_disc, semestre, ano) VALUES (11018, 41574547, 7, 2005);
INSERT INTO historico_disc_professor (id_prof, cod_disc, semestre, ano) VALUES (11018, 78920977, 3, 2013);
INSERT INTO historico_disc_professor (id_prof, cod_disc, semestre, ano) VALUES (11018, 38828350, 4, 2000);
INSERT INTO historico_disc_professor (id_prof, cod_disc, semestre, ano) VALUES (11018, 36116645, 9, 2023);
INSERT INTO historico_disc_professor (id_prof, cod_disc, semestre, ano) VALUES (11018, 30048698, 1, 2016);
INSERT INTO historico_disc_professor (id_prof, cod_disc, semestre, ano) VALUES (11018, 99492585, 9, 2010);
INSERT INTO historico_disc_professor (id_prof, cod_disc, semestre, ano) VALUES (11018, 89489250, 4, 2024);
INSERT INTO historico_disc_professor (id_prof, cod_disc, semestre, ano) VALUES (11018, 30964869, 5, 2011);
INSERT INTO historico_disc_professor (id_prof, cod_disc, semestre, ano) VALUES (11018, 82288050, 6, 2011);
INSERT INTO historico_disc_professor (id_prof, cod_disc, semestre, ano) VALUES (11018, 24563580, 2, 2024);
INSERT INTO historico_disc_professor (id_prof, cod_disc, semestre, ano) VALUES (11018, 93269605, 1, 2003);
INSERT INTO historico_disc_professor (id_prof, cod_disc, semestre, ano) VALUES (11018, 35630293, 1, 2017);
INSERT INTO historico_disc_professor (id_prof, cod_disc, semestre, ano) VALUES (11018, 86795633, 9, 2004);
INSERT INTO historico_disc_professor (id_prof, cod_disc, semestre, ano) VALUES (11018, 51688452, 9, 2012);
INSERT INTO historico_disc_professor (id_prof, cod_disc, semestre, ano) VALUES (11018, 70237098, 2, 2007);
INSERT INTO historico_disc_professor (id_prof, cod_disc, semestre, ano) VALUES (11018, 39767662, 2, 2006);
INSERT INTO historico_disc_professor (id_prof, cod_disc, semestre, ano) VALUES (11018, 78920977, 8, 2015);
INSERT INTO historico_disc_professor (id_prof, cod_disc, semestre, ano) VALUES (11018, 50747799, 5, 2016);
INSERT INTO historico_disc_professor (id_prof, cod_disc, semestre, ano) VALUES (11018, 46020229, 5, 2020);
INSERT INTO historico_disc_professor (id_prof, cod_disc, semestre, ano) VALUES (36814, 95930162, 5, 2011);
INSERT INTO historico_disc_professor (id_prof, cod_disc, semestre, ano) VALUES (36814, 93583535, 5, 2002);
INSERT INTO historico_disc_professor (id_prof, cod_disc, semestre, ano) VALUES (36814, 92637118, 3, 2022);
INSERT INTO historico_disc_professor (id_prof, cod_disc, semestre, ano) VALUES (36814, 61270275, 4, 2009);
INSERT INTO historico_disc_professor (id_prof, cod_disc, semestre, ano) VALUES (36814, 72893308, 2, 2014);
INSERT INTO historico_disc_professor (id_prof, cod_disc, semestre, ano) VALUES (36814, 35053452, 2, 2012);
INSERT INTO historico_disc_professor (id_prof, cod_disc, semestre, ano) VALUES (36814, 88144991, 5, 2004);
INSERT INTO historico_disc_professor (id_prof, cod_disc, semestre, ano) VALUES (36814, 69375846, 3, 2017);
INSERT INTO historico_disc_professor (id_prof, cod_disc, semestre, ano) VALUES (36814, 17402713, 2, 2020);
INSERT INTO historico_disc_professor (id_prof, cod_disc, semestre, ano) VALUES (36814, 72876574, 2, 2019);
INSERT INTO historico_disc_professor (id_prof, cod_disc, semestre, ano) VALUES (36814, 12027589, 1, 2019);
INSERT INTO historico_disc_professor (id_prof, cod_disc, semestre, ano) VALUES (36814, 46020229, 1, 2013);
INSERT INTO historico_disc_professor (id_prof, cod_disc, semestre, ano) VALUES (36814, 76776617, 6, 2016);
INSERT INTO historico_disc_professor (id_prof, cod_disc, semestre, ano) VALUES (36814, 41350236, 8, 2019);
INSERT INTO historico_disc_professor (id_prof, cod_disc, semestre, ano) VALUES (36814, 11404520, 7, 2011);
INSERT INTO historico_disc_professor (id_prof, cod_disc, semestre, ano) VALUES (36814, 36116645, 3, 2006);
INSERT INTO historico_disc_professor (id_prof, cod_disc, semestre, ano) VALUES (36814, 53699907, 7, 2018);
INSERT INTO historico_disc_professor (id_prof, cod_disc, semestre, ano) VALUES (36814, 82475416, 4, 2004);
INSERT INTO historico_disc_professor (id_prof, cod_disc, semestre, ano) VALUES (36814, 50747799, 3, 2006);
INSERT INTO historico_disc_professor (id_prof, cod_disc, semestre, ano) VALUES (36814, 48510484, 8, 2004);
INSERT INTO historico_disc_professor (id_prof, cod_disc, semestre, ano) VALUES (89279, 30048698, 8, 2014);
INSERT INTO historico_disc_professor (id_prof, cod_disc, semestre, ano) VALUES (89279, 74478505, 4, 2022);
INSERT INTO historico_disc_professor (id_prof, cod_disc, semestre, ano) VALUES (89279, 93269605, 6, 2015);
INSERT INTO historico_disc_professor (id_prof, cod_disc, semestre, ano) VALUES (89279, 35983430, 5, 2009);
INSERT INTO historico_disc_professor (id_prof, cod_disc, semestre, ano) VALUES (89279, 27301672, 7, 2006);
INSERT INTO historico_disc_professor (id_prof, cod_disc, semestre, ano) VALUES (89279, 75805455, 7, 2007);
INSERT INTO historico_disc_professor (id_prof, cod_disc, semestre, ano) VALUES (89279, 56809579, 6, 2021);
INSERT INTO historico_disc_professor (id_prof, cod_disc, semestre, ano) VALUES (89279, 75059811, 8, 2021);
INSERT INTO historico_disc_professor (id_prof, cod_disc, semestre, ano) VALUES (89279, 66013825, 7, 2001);
INSERT INTO historico_disc_professor (id_prof, cod_disc, semestre, ano) VALUES (89279, 51688452, 9, 2001);
INSERT INTO historico_disc_professor (id_prof, cod_disc, semestre, ano) VALUES (89279, 12782161, 2, 2022);
INSERT INTO historico_disc_professor (id_prof, cod_disc, semestre, ano) VALUES (89279, 67682498, 5, 2007);
INSERT INTO historico_disc_professor (id_prof, cod_disc, semestre, ano) VALUES (89279, 01907748, 9, 2004);
INSERT INTO historico_disc_professor (id_prof, cod_disc, semestre, ano) VALUES (89279, 08074481, 9, 2023);
INSERT INTO historico_disc_professor (id_prof, cod_disc, semestre, ano) VALUES (89279, 13033420, 9, 2002);
INSERT INTO historico_disc_professor (id_prof, cod_disc, semestre, ano) VALUES (89279, 36031147, 5, 2015);
INSERT INTO historico_disc_professor (id_prof, cod_disc, semestre, ano) VALUES (89279, 68031826, 7, 2021);
INSERT INTO historico_disc_professor (id_prof, cod_disc, semestre, ano) VALUES (89279, 67682498, 9, 2008);
INSERT INTO historico_disc_professor (id_prof, cod_disc, semestre, ano) VALUES (89279, 53699907, 5, 2021);
INSERT INTO historico_disc_professor (id_prof, cod_disc, semestre, ano) VALUES (89279, 08074481, 7, 2024);
INSERT INTO historico_disc_professor (id_prof, cod_disc, semestre, ano) VALUES (19446, 17551526, 7, 2011);
INSERT INTO historico_disc_professor (id_prof, cod_disc, semestre, ano) VALUES (19446, 40285768, 2, 2018);
INSERT INTO historico_disc_professor (id_prof, cod_disc, semestre, ano) VALUES (19446, 35053452, 1, 2007);
INSERT INTO historico_disc_professor (id_prof, cod_disc, semestre, ano) VALUES (19446, 89489250, 8, 2001);
INSERT INTO historico_disc_professor (id_prof, cod_disc, semestre, ano) VALUES (19446, 78920977, 8, 2010);
INSERT INTO historico_disc_professor (id_prof, cod_disc, semestre, ano) VALUES (19446, 19649071, 2, 2009);
INSERT INTO historico_disc_professor (id_prof, cod_disc, semestre, ano) VALUES (19446, 53699907, 2, 2000);
INSERT INTO historico_disc_professor (id_prof, cod_disc, semestre, ano) VALUES (19446, 30964869, 7, 2011);
INSERT INTO historico_disc_professor (id_prof, cod_disc, semestre, ano) VALUES (19446, 88144991, 3, 2024);
INSERT INTO historico_disc_professor (id_prof, cod_disc, semestre, ano) VALUES (19446, 05478586, 9, 2004);
INSERT INTO historico_disc_professor (id_prof, cod_disc, semestre, ano) VALUES (19446, 38828350, 9, 2002);
INSERT INTO historico_disc_professor (id_prof, cod_disc, semestre, ano) VALUES (19446, 19737997, 5, 2005);
INSERT INTO historico_disc_professor (id_prof, cod_disc, semestre, ano) VALUES (19446, 05478586, 1, 2014);
INSERT INTO historico_disc_professor (id_prof, cod_disc, semestre, ano) VALUES (19446, 78920977, 8, 2008);
INSERT INTO historico_disc_professor (id_prof, cod_disc, semestre, ano) VALUES (19446, 76776617, 2, 2004);
INSERT INTO historico_disc_professor (id_prof, cod_disc, semestre, ano) VALUES (19446, 12027589, 3, 2021);
INSERT INTO historico_disc_professor (id_prof, cod_disc, semestre, ano) VALUES (19446, 44731116, 7, 2021);
INSERT INTO historico_disc_professor (id_prof, cod_disc, semestre, ano) VALUES (19446, 13666445, 5, 2004);
INSERT INTO historico_disc_professor (id_prof, cod_disc, semestre, ano) VALUES (19446, 35983430, 9, 2000);
INSERT INTO historico_disc_professor (id_prof, cod_disc, semestre, ano) VALUES (19446, 46921820, 8, 2016);
INSERT INTO historico_disc_professor (id_prof, cod_disc, semestre, ano) VALUES (78204, 01907748, 8, 2003);
INSERT INTO historico_disc_professor (id_prof, cod_disc, semestre, ano) VALUES (78204, 24563580, 7, 2021);
INSERT INTO historico_disc_professor (id_prof, cod_disc, semestre, ano) VALUES (78204, 95930162, 9, 2017);
INSERT INTO historico_disc_professor (id_prof, cod_disc, semestre, ano) VALUES (78204, 82816622, 7, 2020);
INSERT INTO historico_disc_professor (id_prof, cod_disc, semestre, ano) VALUES (78204, 68031826, 9, 2017);
INSERT INTO historico_disc_professor (id_prof, cod_disc, semestre, ano) VALUES (78204, 72876574, 6, 2013);
INSERT INTO historico_disc_professor (id_prof, cod_disc, semestre, ano) VALUES (78204, 88144991, 1, 2001);
INSERT INTO historico_disc_professor (id_prof, cod_disc, semestre, ano) VALUES (78204, 41574547, 5, 2010);
INSERT INTO historico_disc_professor (id_prof, cod_disc, semestre, ano) VALUES (78204, 15061869, 6, 2020);
INSERT INTO historico_disc_professor (id_prof, cod_disc, semestre, ano) VALUES (78204, 72893308, 6, 2021);
INSERT INTO historico_disc_professor (id_prof, cod_disc, semestre, ano) VALUES (78204, 13666445, 9, 2003);
INSERT INTO historico_disc_professor (id_prof, cod_disc, semestre, ano) VALUES (78204, 01907748, 8, 2020);
INSERT INTO historico_disc_professor (id_prof, cod_disc, semestre, ano) VALUES (78204, 86795633, 7, 2015);
INSERT INTO historico_disc_professor (id_prof, cod_disc, semestre, ano) VALUES (78204, 17551526, 8, 2008);
INSERT INTO historico_disc_professor (id_prof, cod_disc, semestre, ano) VALUES (78204, 53699907, 8, 2011);
INSERT INTO historico_disc_professor (id_prof, cod_disc, semestre, ano) VALUES (78204, 81465604, 6, 2018);
INSERT INTO historico_disc_professor (id_prof, cod_disc, semestre, ano) VALUES (78204, 31835137, 9, 2006);
INSERT INTO historico_disc_professor (id_prof, cod_disc, semestre, ano) VALUES (78204, 72893308, 1, 2006);
INSERT INTO historico_disc_professor (id_prof, cod_disc, semestre, ano) VALUES (78204, 21119652, 9, 2000);
INSERT INTO historico_disc_professor (id_prof, cod_disc, semestre, ano) VALUES (78204, 33879970, 9, 2009);
INSERT INTO historico_disc_professor (id_prof, cod_disc, semestre, ano) VALUES (58743, 48510484, 2, 2000);
INSERT INTO historico_disc_professor (id_prof, cod_disc, semestre, ano) VALUES (58743, 30964869, 6, 2012);
INSERT INTO historico_disc_professor (id_prof, cod_disc, semestre, ano) VALUES (58743, 48510484, 9, 2022);
INSERT INTO historico_disc_professor (id_prof, cod_disc, semestre, ano) VALUES (58743, 88144991, 2, 2022);
INSERT INTO historico_disc_professor (id_prof, cod_disc, semestre, ano) VALUES (58743, 31835137, 2, 2019);
INSERT INTO historico_disc_professor (id_prof, cod_disc, semestre, ano) VALUES (58743, 33879970, 1, 2004);
INSERT INTO historico_disc_professor (id_prof, cod_disc, semestre, ano) VALUES (58743, 79995264, 2, 2010);
INSERT INTO historico_disc_professor (id_prof, cod_disc, semestre, ano) VALUES (58743, 50747799, 7, 2024);
INSERT INTO historico_disc_professor (id_prof, cod_disc, semestre, ano) VALUES (58743, 95930162, 2, 2022);
INSERT INTO historico_disc_professor (id_prof, cod_disc, semestre, ano) VALUES (58743, 27389421, 4, 2007);
INSERT INTO historico_disc_professor (id_prof, cod_disc, semestre, ano) VALUES (58743, 17551526, 4, 2019);
INSERT INTO historico_disc_professor (id_prof, cod_disc, semestre, ano) VALUES (58743, 17402713, 2, 2010);
INSERT INTO historico_disc_professor (id_prof, cod_disc, semestre, ano) VALUES (58743, 81465604, 1, 2001);
INSERT INTO historico_disc_professor (id_prof, cod_disc, semestre, ano) VALUES (58743, 13591915, 4, 2007);
INSERT INTO historico_disc_professor (id_prof, cod_disc, semestre, ano) VALUES (58743, 48510484, 6, 2020);
INSERT INTO historico_disc_professor (id_prof, cod_disc, semestre, ano) VALUES (58743, 11404520, 6, 2005);
INSERT INTO historico_disc_professor (id_prof, cod_disc, semestre, ano) VALUES (58743, 80590634, 8, 2003);
INSERT INTO historico_disc_professor (id_prof, cod_disc, semestre, ano) VALUES (58743, 41350236, 4, 2010);
INSERT INTO historico_disc_professor (id_prof, cod_disc, semestre, ano) VALUES (58743, 93269605, 9, 2016);
INSERT INTO historico_disc_professor (id_prof, cod_disc, semestre, ano) VALUES (58743, 56899603, 9, 2008);
INSERT INTO historico_disc_professor (id_prof, cod_disc, semestre, ano) VALUES (80949, 74478505, 2, 2006);
INSERT INTO historico_disc_professor (id_prof, cod_disc, semestre, ano) VALUES (80949, 28200045, 2, 2014);
INSERT INTO historico_disc_professor (id_prof, cod_disc, semestre, ano) VALUES (80949, 38828350, 1, 2005);
INSERT INTO historico_disc_professor (id_prof, cod_disc, semestre, ano) VALUES (80949, 50747799, 4, 2013);
INSERT INTO historico_disc_professor (id_prof, cod_disc, semestre, ano) VALUES (80949, 21460142, 7, 2005);
INSERT INTO historico_disc_professor (id_prof, cod_disc, semestre, ano) VALUES (80949, 69375846, 9, 2010);
INSERT INTO historico_disc_professor (id_prof, cod_disc, semestre, ano) VALUES (80949, 67711680, 4, 2000);
INSERT INTO historico_disc_professor (id_prof, cod_disc, semestre, ano) VALUES (80949, 05478586, 6, 2023);
INSERT INTO historico_disc_professor (id_prof, cod_disc, semestre, ano) VALUES (80949, 79829607, 1, 2001);
INSERT INTO historico_disc_professor (id_prof, cod_disc, semestre, ano) VALUES (80949, 30048698, 5, 2022);
INSERT INTO historico_disc_professor (id_prof, cod_disc, semestre, ano) VALUES (80949, 13738699, 7, 2024);
INSERT INTO historico_disc_professor (id_prof, cod_disc, semestre, ano) VALUES (80949, 50747799, 9, 2017);
INSERT INTO historico_disc_professor (id_prof, cod_disc, semestre, ano) VALUES (80949, 40285768, 2, 2010);
INSERT INTO historico_disc_professor (id_prof, cod_disc, semestre, ano) VALUES (80949, 75805455, 2, 2020);
INSERT INTO historico_disc_professor (id_prof, cod_disc, semestre, ano) VALUES (80949, 82475416, 8, 2010);
INSERT INTO historico_disc_professor (id_prof, cod_disc, semestre, ano) VALUES (80949, 27301672, 2, 2011);
INSERT INTO historico_disc_professor (id_prof, cod_disc, semestre, ano) VALUES (80949, 93583535, 1, 2002);
INSERT INTO historico_disc_professor (id_prof, cod_disc, semestre, ano) VALUES (80949, 30964869, 1, 2010);
INSERT INTO historico_disc_professor (id_prof, cod_disc, semestre, ano) VALUES (80949, 03269082, 6, 2019);
INSERT INTO historico_disc_professor (id_prof, cod_disc, semestre, ano) VALUES (80949, 88144991, 8, 2006);
INSERT INTO historico_disc_professor (id_prof, cod_disc, semestre, ano) VALUES (71938, 56899603, 6, 2019);
INSERT INTO historico_disc_professor (id_prof, cod_disc, semestre, ano) VALUES (71938, 99873341, 4, 2020);
INSERT INTO historico_disc_professor (id_prof, cod_disc, semestre, ano) VALUES (71938, 31835137, 5, 2003);
INSERT INTO historico_disc_professor (id_prof, cod_disc, semestre, ano) VALUES (71938, 61270275, 4, 2017);
INSERT INTO historico_disc_professor (id_prof, cod_disc, semestre, ano) VALUES (71938, 01907748, 6, 2007);
INSERT INTO historico_disc_professor (id_prof, cod_disc, semestre, ano) VALUES (71938, 38828350, 8, 2021);
INSERT INTO historico_disc_professor (id_prof, cod_disc, semestre, ano) VALUES (71938, 31321367, 4, 2021);
INSERT INTO historico_disc_professor (id_prof, cod_disc, semestre, ano) VALUES (71938, 12782161, 5, 2022);
INSERT INTO historico_disc_professor (id_prof, cod_disc, semestre, ano) VALUES (71938, 69375846, 3, 2004);
INSERT INTO historico_disc_professor (id_prof, cod_disc, semestre, ano) VALUES (71938, 41574547, 8, 2022);
INSERT INTO historico_disc_professor (id_prof, cod_disc, semestre, ano) VALUES (71938, 99492585, 3, 2022);
INSERT INTO historico_disc_professor (id_prof, cod_disc, semestre, ano) VALUES (71938, 15061869, 3, 2017);
INSERT INTO historico_disc_professor (id_prof, cod_disc, semestre, ano) VALUES (71938, 81465604, 6, 2006);
INSERT INTO historico_disc_professor (id_prof, cod_disc, semestre, ano) VALUES (71938, 08074481, 4, 2015);
INSERT INTO historico_disc_professor (id_prof, cod_disc, semestre, ano) VALUES (71938, 81465604, 5, 2000);
INSERT INTO historico_disc_professor (id_prof, cod_disc, semestre, ano) VALUES (71938, 81465604, 5, 2001);
INSERT INTO historico_disc_professor (id_prof, cod_disc, semestre, ano) VALUES (71938, 43263742, 5, 2019);
INSERT INTO historico_disc_professor (id_prof, cod_disc, semestre, ano) VALUES (71938, 32717745, 7, 2014);
INSERT INTO historico_disc_professor (id_prof, cod_disc, semestre, ano) VALUES (71938, 98309571, 2, 2024);
INSERT INTO historico_disc_professor (id_prof, cod_disc, semestre, ano) VALUES (71938, 92217637, 9, 2009);
INSERT INTO historico_disc_professor (id_prof, cod_disc, semestre, ano) VALUES (31939, 53699907, 9, 2015);
INSERT INTO historico_disc_professor (id_prof, cod_disc, semestre, ano) VALUES (31939, 41350236, 3, 2003);
INSERT INTO historico_disc_professor (id_prof, cod_disc, semestre, ano) VALUES (31939, 21119652, 5, 2017);
INSERT INTO historico_disc_professor (id_prof, cod_disc, semestre, ano) VALUES (31939, 32717745, 1, 2011);
INSERT INTO historico_disc_professor (id_prof, cod_disc, semestre, ano) VALUES (31939, 72713061, 9, 2020);
INSERT INTO historico_disc_professor (id_prof, cod_disc, semestre, ano) VALUES (31939, 41574547, 6, 2020);
INSERT INTO historico_disc_professor (id_prof, cod_disc, semestre, ano) VALUES (31939, 22342964, 4, 2023);
INSERT INTO historico_disc_professor (id_prof, cod_disc, semestre, ano) VALUES (31939, 30048698, 7, 2002);
INSERT INTO historico_disc_professor (id_prof, cod_disc, semestre, ano) VALUES (31939, 72876574, 5, 2022);
INSERT INTO historico_disc_professor (id_prof, cod_disc, semestre, ano) VALUES (31939, 81465604, 9, 2011);
INSERT INTO historico_disc_professor (id_prof, cod_disc, semestre, ano) VALUES (31939, 67682498, 1, 2002);
INSERT INTO historico_disc_professor (id_prof, cod_disc, semestre, ano) VALUES (31939, 85929840, 2, 2010);
INSERT INTO historico_disc_professor (id_prof, cod_disc, semestre, ano) VALUES (31939, 93269605, 9, 2010);
INSERT INTO historico_disc_professor (id_prof, cod_disc, semestre, ano) VALUES (31939, 41574547, 1, 2022);
INSERT INTO historico_disc_professor (id_prof, cod_disc, semestre, ano) VALUES (31939, 54208989, 2, 2013);
INSERT INTO historico_disc_professor (id_prof, cod_disc, semestre, ano) VALUES (31939, 82816622, 4, 2011);
INSERT INTO historico_disc_professor (id_prof, cod_disc, semestre, ano) VALUES (31939, 21119652, 6, 2010);
INSERT INTO historico_disc_professor (id_prof, cod_disc, semestre, ano) VALUES (31939, 99177737, 5, 2016);
INSERT INTO historico_disc_professor (id_prof, cod_disc, semestre, ano) VALUES (31939, 53892537, 1, 2020);
INSERT INTO historico_disc_professor (id_prof, cod_disc, semestre, ano) VALUES (31939, 75059811, 5, 2004);
INSERT INTO historico_disc_professor (id_prof, cod_disc, semestre, ano) VALUES (15300, 92637118, 5, 2002);
INSERT INTO historico_disc_professor (id_prof, cod_disc, semestre, ano) VALUES (15300, 04233389, 4, 2002);
INSERT INTO historico_disc_professor (id_prof, cod_disc, semestre, ano) VALUES (15300, 92217637, 5, 2014);
INSERT INTO historico_disc_professor (id_prof, cod_disc, semestre, ano) VALUES (15300, 91090234, 3, 2020);
INSERT INTO historico_disc_professor (id_prof, cod_disc, semestre, ano) VALUES (15300, 56809579, 4, 2005);
INSERT INTO historico_disc_professor (id_prof, cod_disc, semestre, ano) VALUES (15300, 86795633, 7, 2013);
INSERT INTO historico_disc_professor (id_prof, cod_disc, semestre, ano) VALUES (15300, 67711680, 1, 2007);
INSERT INTO historico_disc_professor (id_prof, cod_disc, semestre, ano) VALUES (15300, 32717745, 5, 2010);
INSERT INTO historico_disc_professor (id_prof, cod_disc, semestre, ano) VALUES (15300, 53699907, 1, 2005);
INSERT INTO historico_disc_professor (id_prof, cod_disc, semestre, ano) VALUES (15300, 96508821, 7, 2005);
INSERT INTO historico_disc_professor (id_prof, cod_disc, semestre, ano) VALUES (15300, 78920977, 8, 2006);
INSERT INTO historico_disc_professor (id_prof, cod_disc, semestre, ano) VALUES (15300, 51688452, 5, 2010);
INSERT INTO historico_disc_professor (id_prof, cod_disc, semestre, ano) VALUES (15300, 78920977, 8, 2018);
INSERT INTO historico_disc_professor (id_prof, cod_disc, semestre, ano) VALUES (15300, 13591915, 1, 2005);
INSERT INTO historico_disc_professor (id_prof, cod_disc, semestre, ano) VALUES (15300, 32717745, 3, 2004);
INSERT INTO historico_disc_professor (id_prof, cod_disc, semestre, ano) VALUES (15300, 74478505, 1, 2018);
INSERT INTO historico_disc_professor (id_prof, cod_disc, semestre, ano) VALUES (15300, 27389421, 8, 2024);
INSERT INTO historico_disc_professor (id_prof, cod_disc, semestre, ano) VALUES (15300, 21460142, 5, 2014);
INSERT INTO historico_disc_professor (id_prof, cod_disc, semestre, ano) VALUES (15300, 21460142, 2, 2004);
INSERT INTO historico_disc_professor (id_prof, cod_disc, semestre, ano) VALUES (15300, 13666445, 1, 2000);
INSERT INTO historico_disc_professor (id_prof, cod_disc, semestre, ano) VALUES (68070, 54208989, 8, 2023);
INSERT INTO historico_disc_professor (id_prof, cod_disc, semestre, ano) VALUES (68070, 04233389, 7, 2006);
INSERT INTO historico_disc_professor (id_prof, cod_disc, semestre, ano) VALUES (68070, 95930162, 2, 2017);
INSERT INTO historico_disc_professor (id_prof, cod_disc, semestre, ano) VALUES (68070, 80590634, 2, 2007);
INSERT INTO historico_disc_professor (id_prof, cod_disc, semestre, ano) VALUES (68070, 61988830, 8, 2022);
INSERT INTO historico_disc_professor (id_prof, cod_disc, semestre, ano) VALUES (68070, 32717745, 5, 2003);
INSERT INTO historico_disc_professor (id_prof, cod_disc, semestre, ano) VALUES (68070, 18578016, 3, 2013);
INSERT INTO historico_disc_professor (id_prof, cod_disc, semestre, ano) VALUES (68070, 48877337, 2, 2005);
INSERT INTO historico_disc_professor (id_prof, cod_disc, semestre, ano) VALUES (68070, 93583535, 5, 2008);
INSERT INTO historico_disc_professor (id_prof, cod_disc, semestre, ano) VALUES (68070, 80590634, 2, 2001);
INSERT INTO historico_disc_professor (id_prof, cod_disc, semestre, ano) VALUES (68070, 17551526, 1, 2007);
INSERT INTO historico_disc_professor (id_prof, cod_disc, semestre, ano) VALUES (68070, 70237098, 7, 2014);
INSERT INTO historico_disc_professor (id_prof, cod_disc, semestre, ano) VALUES (68070, 24563580, 5, 2022);
INSERT INTO historico_disc_professor (id_prof, cod_disc, semestre, ano) VALUES (68070, 79995264, 7, 2024);
INSERT INTO historico_disc_professor (id_prof, cod_disc, semestre, ano) VALUES (68070, 13548741, 8, 2011);
INSERT INTO historico_disc_professor (id_prof, cod_disc, semestre, ano) VALUES (68070, 72713061, 3, 2015);
INSERT INTO historico_disc_professor (id_prof, cod_disc, semestre, ano) VALUES (68070, 67711680, 9, 2022);
INSERT INTO historico_disc_professor (id_prof, cod_disc, semestre, ano) VALUES (68070, 19649071, 7, 2008);
INSERT INTO historico_disc_professor (id_prof, cod_disc, semestre, ano) VALUES (68070, 24563580, 9, 2004);
INSERT INTO historico_disc_professor (id_prof, cod_disc, semestre, ano) VALUES (68070, 00070562, 1, 2023);
INSERT INTO historico_disc_professor (id_prof, cod_disc, semestre, ano) VALUES (82800, 93583535, 1, 2003);
INSERT INTO historico_disc_professor (id_prof, cod_disc, semestre, ano) VALUES (82800, 41574547, 6, 2012);
INSERT INTO historico_disc_professor (id_prof, cod_disc, semestre, ano) VALUES (82800, 92217637, 1, 2007);
INSERT INTO historico_disc_professor (id_prof, cod_disc, semestre, ano) VALUES (82800, 38828350, 4, 2022);
INSERT INTO historico_disc_professor (id_prof, cod_disc, semestre, ano) VALUES (82800, 19737997, 4, 2017);
INSERT INTO historico_disc_professor (id_prof, cod_disc, semestre, ano) VALUES (82800, 88144991, 6, 2005);
INSERT INTO historico_disc_professor (id_prof, cod_disc, semestre, ano) VALUES (82800, 88144991, 4, 2009);
INSERT INTO historico_disc_professor (id_prof, cod_disc, semestre, ano) VALUES (82800, 62525820, 5, 2001);
INSERT INTO historico_disc_professor (id_prof, cod_disc, semestre, ano) VALUES (82800, 46020229, 2, 2000);
INSERT INTO historico_disc_professor (id_prof, cod_disc, semestre, ano) VALUES (82800, 13738699, 8, 2007);
INSERT INTO historico_disc_professor (id_prof, cod_disc, semestre, ano) VALUES (82800, 27389421, 7, 2001);
INSERT INTO historico_disc_professor (id_prof, cod_disc, semestre, ano) VALUES (82800, 85929840, 2, 2001);
INSERT INTO historico_disc_professor (id_prof, cod_disc, semestre, ano) VALUES (82800, 00070562, 2, 2021);
INSERT INTO historico_disc_professor (id_prof, cod_disc, semestre, ano) VALUES (82800, 75059811, 3, 2009);
INSERT INTO historico_disc_professor (id_prof, cod_disc, semestre, ano) VALUES (82800, 96508821, 1, 2014);
INSERT INTO historico_disc_professor (id_prof, cod_disc, semestre, ano) VALUES (82800, 21460142, 9, 2003);
INSERT INTO historico_disc_professor (id_prof, cod_disc, semestre, ano) VALUES (82800, 96508821, 2, 2023);
INSERT INTO historico_disc_professor (id_prof, cod_disc, semestre, ano) VALUES (82800, 72713061, 3, 2012);
INSERT INTO historico_disc_professor (id_prof, cod_disc, semestre, ano) VALUES (82800, 88144991, 6, 2014);
INSERT INTO historico_disc_professor (id_prof, cod_disc, semestre, ano) VALUES (82800, 68031826, 9, 2008);
INSERT INTO historico_disc_professor (id_prof, cod_disc, semestre, ano) VALUES (24362, 75805455, 3, 2019);
INSERT INTO historico_disc_professor (id_prof, cod_disc, semestre, ano) VALUES (24362, 91090234, 7, 2011);
INSERT INTO historico_disc_professor (id_prof, cod_disc, semestre, ano) VALUES (24362, 85929840, 6, 2014);
INSERT INTO historico_disc_professor (id_prof, cod_disc, semestre, ano) VALUES (24362, 69375846, 6, 2023);
INSERT INTO historico_disc_professor (id_prof, cod_disc, semestre, ano) VALUES (24362, 95930162, 2, 2019);
INSERT INTO historico_disc_professor (id_prof, cod_disc, semestre, ano) VALUES (24362, 40285768, 2, 2020);
INSERT INTO historico_disc_professor (id_prof, cod_disc, semestre, ano) VALUES (24362, 93583535, 2, 2004);
INSERT INTO historico_disc_professor (id_prof, cod_disc, semestre, ano) VALUES (24362, 75059811, 3, 2002);
INSERT INTO historico_disc_professor (id_prof, cod_disc, semestre, ano) VALUES (24362, 95930162, 9, 2009);
INSERT INTO historico_disc_professor (id_prof, cod_disc, semestre, ano) VALUES (24362, 53918602, 9, 2009);
INSERT INTO historico_disc_professor (id_prof, cod_disc, semestre, ano) VALUES (24362, 79995264, 6, 2018);
INSERT INTO historico_disc_professor (id_prof, cod_disc, semestre, ano) VALUES (24362, 19649071, 6, 2001);
INSERT INTO historico_disc_professor (id_prof, cod_disc, semestre, ano) VALUES (24362, 24563580, 9, 2001);
INSERT INTO historico_disc_professor (id_prof, cod_disc, semestre, ano) VALUES (24362, 43263742, 4, 2016);
INSERT INTO historico_disc_professor (id_prof, cod_disc, semestre, ano) VALUES (24362, 27301672, 8, 2006);
INSERT INTO historico_disc_professor (id_prof, cod_disc, semestre, ano) VALUES (24362, 79829607, 8, 2001);
INSERT INTO historico_disc_professor (id_prof, cod_disc, semestre, ano) VALUES (24362, 67682498, 6, 2015);
INSERT INTO historico_disc_professor (id_prof, cod_disc, semestre, ano) VALUES (24362, 81465604, 4, 2002);
INSERT INTO historico_disc_professor (id_prof, cod_disc, semestre, ano) VALUES (24362, 36031147, 6, 2004);
INSERT INTO historico_disc_professor (id_prof, cod_disc, semestre, ano) VALUES (24362, 01141078, 9, 2021);
INSERT INTO historico_disc_professor (id_prof, cod_disc, semestre, ano) VALUES (11606, 04233389, 4, 2023);
INSERT INTO historico_disc_professor (id_prof, cod_disc, semestre, ano) VALUES (11606, 32717745, 4, 2013);
INSERT INTO historico_disc_professor (id_prof, cod_disc, semestre, ano) VALUES (11606, 24563580, 4, 2019);
INSERT INTO historico_disc_professor (id_prof, cod_disc, semestre, ano) VALUES (11606, 93583535, 4, 2014);
INSERT INTO historico_disc_professor (id_prof, cod_disc, semestre, ano) VALUES (11606, 21460142, 6, 2016);
INSERT INTO historico_disc_professor (id_prof, cod_disc, semestre, ano) VALUES (11606, 35630293, 5, 2001);
INSERT INTO historico_disc_professor (id_prof, cod_disc, semestre, ano) VALUES (11606, 67682498, 1, 2017);
INSERT INTO historico_disc_professor (id_prof, cod_disc, semestre, ano) VALUES (11606, 66013825, 3, 2017);
INSERT INTO historico_disc_professor (id_prof, cod_disc, semestre, ano) VALUES (11606, 13738699, 9, 2016);
INSERT INTO historico_disc_professor (id_prof, cod_disc, semestre, ano) VALUES (11606, 31835137, 1, 2003);
INSERT INTO historico_disc_professor (id_prof, cod_disc, semestre, ano) VALUES (11606, 33879970, 7, 2023);
INSERT INTO historico_disc_professor (id_prof, cod_disc, semestre, ano) VALUES (11606, 53892537, 3, 2006);
INSERT INTO historico_disc_professor (id_prof, cod_disc, semestre, ano) VALUES (11606, 72893308, 5, 2024);
INSERT INTO historico_disc_professor (id_prof, cod_disc, semestre, ano) VALUES (11606, 12027589, 1, 2005);
INSERT INTO historico_disc_professor (id_prof, cod_disc, semestre, ano) VALUES (11606, 51688452, 1, 2023);
INSERT INTO historico_disc_professor (id_prof, cod_disc, semestre, ano) VALUES (11606, 08074481, 2, 2015);
INSERT INTO historico_disc_professor (id_prof, cod_disc, semestre, ano) VALUES (11606, 70237098, 6, 2008);
INSERT INTO historico_disc_professor (id_prof, cod_disc, semestre, ano) VALUES (11606, 50747799, 5, 2016);
INSERT INTO historico_disc_professor (id_prof, cod_disc, semestre, ano) VALUES (11606, 72893308, 7, 2007);
INSERT INTO historico_disc_professor (id_prof, cod_disc, semestre, ano) VALUES (11606, 56899603, 1, 2000);
INSERT INTO historico_disc_professor (id_prof, cod_disc, semestre, ano) VALUES (67421, 35630293, 5, 2007);
INSERT INTO historico_disc_professor (id_prof, cod_disc, semestre, ano) VALUES (67421, 92217637, 4, 2006);
INSERT INTO historico_disc_professor (id_prof, cod_disc, semestre, ano) VALUES (67421, 17402713, 2, 2008);
INSERT INTO historico_disc_professor (id_prof, cod_disc, semestre, ano) VALUES (67421, 72893308, 9, 2013);
INSERT INTO historico_disc_professor (id_prof, cod_disc, semestre, ano) VALUES (67421, 98309571, 3, 2019);
INSERT INTO historico_disc_professor (id_prof, cod_disc, semestre, ano) VALUES (67421, 31835137, 7, 2005);
INSERT INTO historico_disc_professor (id_prof, cod_disc, semestre, ano) VALUES (67421, 36116645, 3, 2023);
INSERT INTO historico_disc_professor (id_prof, cod_disc, semestre, ano) VALUES (67421, 96508821, 7, 2020);
INSERT INTO historico_disc_professor (id_prof, cod_disc, semestre, ano) VALUES (67421, 99873341, 6, 2014);
INSERT INTO historico_disc_professor (id_prof, cod_disc, semestre, ano) VALUES (67421, 80590634, 5, 2019);
INSERT INTO historico_disc_professor (id_prof, cod_disc, semestre, ano) VALUES (67421, 46128786, 5, 2006);
INSERT INTO historico_disc_professor (id_prof, cod_disc, semestre, ano) VALUES (67421, 56809579, 4, 2008);
INSERT INTO historico_disc_professor (id_prof, cod_disc, semestre, ano) VALUES (67421, 31321367, 9, 2003);
INSERT INTO historico_disc_professor (id_prof, cod_disc, semestre, ano) VALUES (67421, 36031147, 9, 2009);
INSERT INTO historico_disc_professor (id_prof, cod_disc, semestre, ano) VALUES (67421, 69375846, 1, 2024);
INSERT INTO historico_disc_professor (id_prof, cod_disc, semestre, ano) VALUES (67421, 13738699, 4, 2005);
INSERT INTO historico_disc_professor (id_prof, cod_disc, semestre, ano) VALUES (67421, 82816622, 7, 2008);
INSERT INTO historico_disc_professor (id_prof, cod_disc, semestre, ano) VALUES (67421, 98309571, 1, 2015);
INSERT INTO historico_disc_professor (id_prof, cod_disc, semestre, ano) VALUES (67421, 44731116, 8, 2007);
INSERT INTO historico_disc_professor (id_prof, cod_disc, semestre, ano) VALUES (67421, 40285768, 1, 2010);
INSERT INTO historico_disc_professor (id_prof, cod_disc, semestre, ano) VALUES (51610, 46020229, 4, 2013);
INSERT INTO historico_disc_professor (id_prof, cod_disc, semestre, ano) VALUES (51610, 56899603, 4, 2016);
INSERT INTO historico_disc_professor (id_prof, cod_disc, semestre, ano) VALUES (51610, 89489250, 7, 2009);
INSERT INTO historico_disc_professor (id_prof, cod_disc, semestre, ano) VALUES (51610, 66013825, 9, 2004);
INSERT INTO historico_disc_professor (id_prof, cod_disc, semestre, ano) VALUES (51610, 18578016, 7, 2020);
INSERT INTO historico_disc_professor (id_prof, cod_disc, semestre, ano) VALUES (51610, 31835137, 4, 2019);
INSERT INTO historico_disc_professor (id_prof, cod_disc, semestre, ano) VALUES (51610, 39767662, 5, 2001);
INSERT INTO historico_disc_professor (id_prof, cod_disc, semestre, ano) VALUES (51610, 12027589, 9, 2013);
INSERT INTO historico_disc_professor (id_prof, cod_disc, semestre, ano) VALUES (51610, 92637118, 8, 2011);
INSERT INTO historico_disc_professor (id_prof, cod_disc, semestre, ano) VALUES (51610, 28200045, 7, 2012);
INSERT INTO historico_disc_professor (id_prof, cod_disc, semestre, ano) VALUES (51610, 53892537, 9, 2007);
INSERT INTO historico_disc_professor (id_prof, cod_disc, semestre, ano) VALUES (51610, 43263742, 5, 2013);
INSERT INTO historico_disc_professor (id_prof, cod_disc, semestre, ano) VALUES (51610, 92637118, 5, 2015);
INSERT INTO historico_disc_professor (id_prof, cod_disc, semestre, ano) VALUES (51610, 46020229, 1, 2023);
INSERT INTO historico_disc_professor (id_prof, cod_disc, semestre, ano) VALUES (51610, 48510484, 7, 2020);
INSERT INTO historico_disc_professor (id_prof, cod_disc, semestre, ano) VALUES (51610, 72893308, 6, 2020);
INSERT INTO historico_disc_professor (id_prof, cod_disc, semestre, ano) VALUES (51610, 72893308, 5, 2012);
INSERT INTO historico_disc_professor (id_prof, cod_disc, semestre, ano) VALUES (51610, 89489250, 2, 2022);
INSERT INTO historico_disc_professor (id_prof, cod_disc, semestre, ano) VALUES (51610, 35053452, 2, 2022);
INSERT INTO historico_disc_professor (id_prof, cod_disc, semestre, ano) VALUES (51610, 43263742, 5, 2005);
INSERT INTO historico_disc_professor (id_prof, cod_disc, semestre, ano) VALUES (86818, 67682498, 8, 2007);
INSERT INTO historico_disc_professor (id_prof, cod_disc, semestre, ano) VALUES (86818, 79829607, 3, 2017);
INSERT INTO historico_disc_professor (id_prof, cod_disc, semestre, ano) VALUES (86818, 82288050, 3, 2019);
INSERT INTO historico_disc_professor (id_prof, cod_disc, semestre, ano) VALUES (86818, 21119652, 5, 2006);
INSERT INTO historico_disc_professor (id_prof, cod_disc, semestre, ano) VALUES (86818, 33879970, 3, 2015);
INSERT INTO historico_disc_professor (id_prof, cod_disc, semestre, ano) VALUES (86818, 05478586, 9, 2021);
INSERT INTO historico_disc_professor (id_prof, cod_disc, semestre, ano) VALUES (86818, 46020229, 9, 2014);
INSERT INTO historico_disc_professor (id_prof, cod_disc, semestre, ano) VALUES (86818, 11404520, 9, 2006);
INSERT INTO historico_disc_professor (id_prof, cod_disc, semestre, ano) VALUES (86818, 30048698, 3, 2020);
INSERT INTO historico_disc_professor (id_prof, cod_disc, semestre, ano) VALUES (86818, 72713061, 6, 2006);
INSERT INTO historico_disc_professor (id_prof, cod_disc, semestre, ano) VALUES (86818, 26192328, 6, 2015);
INSERT INTO historico_disc_professor (id_prof, cod_disc, semestre, ano) VALUES (86818, 91090234, 4, 2006);
INSERT INTO historico_disc_professor (id_prof, cod_disc, semestre, ano) VALUES (86818, 15061869, 6, 2018);
INSERT INTO historico_disc_professor (id_prof, cod_disc, semestre, ano) VALUES (86818, 96508821, 1, 2005);
INSERT INTO historico_disc_professor (id_prof, cod_disc, semestre, ano) VALUES (86818, 68031826, 6, 2004);
INSERT INTO historico_disc_professor (id_prof, cod_disc, semestre, ano) VALUES (86818, 63895057, 7, 2012);
INSERT INTO historico_disc_professor (id_prof, cod_disc, semestre, ano) VALUES (86818, 92217637, 5, 2008);
INSERT INTO historico_disc_professor (id_prof, cod_disc, semestre, ano) VALUES (86818, 67711680, 2, 2009);
INSERT INTO historico_disc_professor (id_prof, cod_disc, semestre, ano) VALUES (86818, 61270275, 3, 2000);
INSERT INTO historico_disc_professor (id_prof, cod_disc, semestre, ano) VALUES (86818, 39767662, 3, 2018);
INSERT INTO historico_disc_professor (id_prof, cod_disc, semestre, ano) VALUES (72405, 46020229, 6, 2022);
INSERT INTO historico_disc_professor (id_prof, cod_disc, semestre, ano) VALUES (72405, 79995264, 1, 2015);
INSERT INTO historico_disc_professor (id_prof, cod_disc, semestre, ano) VALUES (72405, 35053452, 7, 2002);
INSERT INTO historico_disc_professor (id_prof, cod_disc, semestre, ano) VALUES (72405, 28200045, 6, 2017);
INSERT INTO historico_disc_professor (id_prof, cod_disc, semestre, ano) VALUES (72405, 28200045, 8, 2002);
INSERT INTO historico_disc_professor (id_prof, cod_disc, semestre, ano) VALUES (72405, 88144991, 1, 2010);
INSERT INTO historico_disc_professor (id_prof, cod_disc, semestre, ano) VALUES (72405, 95930162, 6, 2019);
INSERT INTO historico_disc_professor (id_prof, cod_disc, semestre, ano) VALUES (72405, 93583535, 2, 2015);
INSERT INTO historico_disc_professor (id_prof, cod_disc, semestre, ano) VALUES (72405, 92217637, 6, 2000);
INSERT INTO historico_disc_professor (id_prof, cod_disc, semestre, ano) VALUES (72405, 38828350, 2, 2001);
INSERT INTO historico_disc_professor (id_prof, cod_disc, semestre, ano) VALUES (72405, 24563580, 6, 2022);
INSERT INTO historico_disc_professor (id_prof, cod_disc, semestre, ano) VALUES (72405, 95930162, 3, 2016);
INSERT INTO historico_disc_professor (id_prof, cod_disc, semestre, ano) VALUES (72405, 48003781, 8, 2014);
INSERT INTO historico_disc_professor (id_prof, cod_disc, semestre, ano) VALUES (72405, 85929840, 8, 2001);
INSERT INTO historico_disc_professor (id_prof, cod_disc, semestre, ano) VALUES (72405, 54208989, 4, 2023);
INSERT INTO historico_disc_professor (id_prof, cod_disc, semestre, ano) VALUES (72405, 81465604, 1, 2017);
INSERT INTO historico_disc_professor (id_prof, cod_disc, semestre, ano) VALUES (72405, 82816622, 9, 2015);
INSERT INTO historico_disc_professor (id_prof, cod_disc, semestre, ano) VALUES (72405, 19737997, 9, 2014);
INSERT INTO historico_disc_professor (id_prof, cod_disc, semestre, ano) VALUES (72405, 99492585, 5, 2003);
INSERT INTO historico_disc_professor (id_prof, cod_disc, semestre, ano) VALUES (72405, 22342964, 3, 2001);
INSERT INTO historico_disc_professor (id_prof, cod_disc, semestre, ano) VALUES (87975, 72713061, 8, 2000);
INSERT INTO historico_disc_professor (id_prof, cod_disc, semestre, ano) VALUES (87975, 01907748, 4, 2013);
INSERT INTO historico_disc_professor (id_prof, cod_disc, semestre, ano) VALUES (87975, 01907748, 8, 2017);
INSERT INTO historico_disc_professor (id_prof, cod_disc, semestre, ano) VALUES (87975, 16171057, 8, 2022);
INSERT INTO historico_disc_professor (id_prof, cod_disc, semestre, ano) VALUES (87975, 99177737, 3, 2013);
INSERT INTO historico_disc_professor (id_prof, cod_disc, semestre, ano) VALUES (87975, 53918602, 3, 2018);
INSERT INTO historico_disc_professor (id_prof, cod_disc, semestre, ano) VALUES (87975, 88144991, 7, 2024);
INSERT INTO historico_disc_professor (id_prof, cod_disc, semestre, ano) VALUES (87975, 91090234, 7, 2016);
INSERT INTO historico_disc_professor (id_prof, cod_disc, semestre, ano) VALUES (87975, 16171057, 3, 2021);
INSERT INTO historico_disc_professor (id_prof, cod_disc, semestre, ano) VALUES (87975, 01907748, 5, 2002);
INSERT INTO historico_disc_professor (id_prof, cod_disc, semestre, ano) VALUES (87975, 30048698, 4, 2013);
INSERT INTO historico_disc_professor (id_prof, cod_disc, semestre, ano) VALUES (87975, 12460072, 7, 2009);
INSERT INTO historico_disc_professor (id_prof, cod_disc, semestre, ano) VALUES (87975, 01141078, 8, 2012);
INSERT INTO historico_disc_professor (id_prof, cod_disc, semestre, ano) VALUES (87975, 28200045, 9, 2005);
INSERT INTO historico_disc_professor (id_prof, cod_disc, semestre, ano) VALUES (87975, 61270275, 9, 2014);
INSERT INTO historico_disc_professor (id_prof, cod_disc, semestre, ano) VALUES (87975, 53699907, 3, 2016);
INSERT INTO historico_disc_professor (id_prof, cod_disc, semestre, ano) VALUES (87975, 05478586, 9, 2000);
INSERT INTO historico_disc_professor (id_prof, cod_disc, semestre, ano) VALUES (87975, 98309571, 2, 2008);
INSERT INTO historico_disc_professor (id_prof, cod_disc, semestre, ano) VALUES (87975, 03269082, 4, 2008);
INSERT INTO historico_disc_professor (id_prof, cod_disc, semestre, ano) VALUES (87975, 61988830, 5, 2010);
INSERT INTO historico_disc_professor (id_prof, cod_disc, semestre, ano) VALUES (81619, 35053452, 4, 2009);
INSERT INTO historico_disc_professor (id_prof, cod_disc, semestre, ano) VALUES (81619, 26192328, 9, 2016);
INSERT INTO historico_disc_professor (id_prof, cod_disc, semestre, ano) VALUES (81619, 30048698, 7, 2012);
INSERT INTO historico_disc_professor (id_prof, cod_disc, semestre, ano) VALUES (81619, 00070562, 4, 2008);
INSERT INTO historico_disc_professor (id_prof, cod_disc, semestre, ano) VALUES (81619, 17551526, 1, 2015);
INSERT INTO historico_disc_professor (id_prof, cod_disc, semestre, ano) VALUES (81619, 39767662, 1, 2002);
INSERT INTO historico_disc_professor (id_prof, cod_disc, semestre, ano) VALUES (81619, 56899603, 4, 2022);
INSERT INTO historico_disc_professor (id_prof, cod_disc, semestre, ano) VALUES (81619, 43263742, 4, 2017);
INSERT INTO historico_disc_professor (id_prof, cod_disc, semestre, ano) VALUES (81619, 00070562, 5, 2003);
INSERT INTO historico_disc_professor (id_prof, cod_disc, semestre, ano) VALUES (81619, 85929840, 9, 2003);
INSERT INTO historico_disc_professor (id_prof, cod_disc, semestre, ano) VALUES (81619, 66013825, 5, 2000);
INSERT INTO historico_disc_professor (id_prof, cod_disc, semestre, ano) VALUES (81619, 01907748, 8, 2001);
INSERT INTO historico_disc_professor (id_prof, cod_disc, semestre, ano) VALUES (81619, 13033420, 4, 2006);
INSERT INTO historico_disc_professor (id_prof, cod_disc, semestre, ano) VALUES (81619, 72876574, 8, 2010);
INSERT INTO historico_disc_professor (id_prof, cod_disc, semestre, ano) VALUES (81619, 91090234, 3, 2002);
INSERT INTO historico_disc_professor (id_prof, cod_disc, semestre, ano) VALUES (81619, 69375846, 5, 2009);
INSERT INTO historico_disc_professor (id_prof, cod_disc, semestre, ano) VALUES (81619, 17551526, 9, 2022);
INSERT INTO historico_disc_professor (id_prof, cod_disc, semestre, ano) VALUES (81619, 72876574, 6, 2014);
INSERT INTO historico_disc_professor (id_prof, cod_disc, semestre, ano) VALUES (81619, 99492585, 9, 2003);
INSERT INTO historico_disc_professor (id_prof, cod_disc, semestre, ano) VALUES (81619, 67682498, 5, 2005);
INSERT INTO historico_disc_professor (id_prof, cod_disc, semestre, ano) VALUES (19703, 85929840, 8, 2007);
INSERT INTO historico_disc_professor (id_prof, cod_disc, semestre, ano) VALUES (19703, 75805455, 4, 2015);
INSERT INTO historico_disc_professor (id_prof, cod_disc, semestre, ano) VALUES (19703, 68031826, 3, 2023);
INSERT INTO historico_disc_professor (id_prof, cod_disc, semestre, ano) VALUES (19703, 19737997, 8, 2013);
INSERT INTO historico_disc_professor (id_prof, cod_disc, semestre, ano) VALUES (19703, 30048698, 2, 2011);
INSERT INTO historico_disc_professor (id_prof, cod_disc, semestre, ano) VALUES (19703, 13548741, 9, 2020);
INSERT INTO historico_disc_professor (id_prof, cod_disc, semestre, ano) VALUES (19703, 85929840, 7, 2010);
INSERT INTO historico_disc_professor (id_prof, cod_disc, semestre, ano) VALUES (19703, 66013825, 7, 2004);
INSERT INTO historico_disc_professor (id_prof, cod_disc, semestre, ano) VALUES (19703, 27301672, 6, 2021);
INSERT INTO historico_disc_professor (id_prof, cod_disc, semestre, ano) VALUES (19703, 44731116, 2, 2019);
INSERT INTO historico_disc_professor (id_prof, cod_disc, semestre, ano) VALUES (19703, 40285768, 3, 2006);
INSERT INTO historico_disc_professor (id_prof, cod_disc, semestre, ano) VALUES (19703, 18578016, 1, 2008);
INSERT INTO historico_disc_professor (id_prof, cod_disc, semestre, ano) VALUES (19703, 13738699, 4, 2023);
INSERT INTO historico_disc_professor (id_prof, cod_disc, semestre, ano) VALUES (19703, 13591915, 5, 2020);
INSERT INTO historico_disc_professor (id_prof, cod_disc, semestre, ano) VALUES (19703, 17360588, 9, 2008);
INSERT INTO historico_disc_professor (id_prof, cod_disc, semestre, ano) VALUES (19703, 63895057, 6, 2022);
INSERT INTO historico_disc_professor (id_prof, cod_disc, semestre, ano) VALUES (19703, 35630293, 5, 2016);
INSERT INTO historico_disc_professor (id_prof, cod_disc, semestre, ano) VALUES (19703, 78920977, 2, 2006);
INSERT INTO historico_disc_professor (id_prof, cod_disc, semestre, ano) VALUES (19703, 92637118, 2, 2020);
INSERT INTO historico_disc_professor (id_prof, cod_disc, semestre, ano) VALUES (19703, 92637118, 4, 2017);
INSERT INTO historico_disc_professor (id_prof, cod_disc, semestre, ano) VALUES (97499, 95930162, 7, 2006);
INSERT INTO historico_disc_professor (id_prof, cod_disc, semestre, ano) VALUES (97499, 72893308, 7, 2019);
INSERT INTO historico_disc_professor (id_prof, cod_disc, semestre, ano) VALUES (97499, 99492585, 2, 2014);
INSERT INTO historico_disc_professor (id_prof, cod_disc, semestre, ano) VALUES (97499, 17360588, 2, 2003);
INSERT INTO historico_disc_professor (id_prof, cod_disc, semestre, ano) VALUES (97499, 36116645, 5, 2015);
INSERT INTO historico_disc_professor (id_prof, cod_disc, semestre, ano) VALUES (97499, 48510484, 3, 2007);
INSERT INTO historico_disc_professor (id_prof, cod_disc, semestre, ano) VALUES (97499, 41574547, 6, 2008);
INSERT INTO historico_disc_professor (id_prof, cod_disc, semestre, ano) VALUES (97499, 13591915, 7, 2012);
INSERT INTO historico_disc_professor (id_prof, cod_disc, semestre, ano) VALUES (97499, 12460072, 7, 2001);
INSERT INTO historico_disc_professor (id_prof, cod_disc, semestre, ano) VALUES (97499, 53892537, 5, 2005);
INSERT INTO historico_disc_professor (id_prof, cod_disc, semestre, ano) VALUES (97499, 30964869, 7, 2021);
INSERT INTO historico_disc_professor (id_prof, cod_disc, semestre, ano) VALUES (97499, 41350236, 7, 2000);
INSERT INTO historico_disc_professor (id_prof, cod_disc, semestre, ano) VALUES (97499, 61988830, 7, 2008);
INSERT INTO historico_disc_professor (id_prof, cod_disc, semestre, ano) VALUES (97499, 26192328, 4, 2020);
INSERT INTO historico_disc_professor (id_prof, cod_disc, semestre, ano) VALUES (97499, 53699907, 3, 2009);
INSERT INTO historico_disc_professor (id_prof, cod_disc, semestre, ano) VALUES (97499, 13591915, 6, 2003);
INSERT INTO historico_disc_professor (id_prof, cod_disc, semestre, ano) VALUES (97499, 56809579, 1, 2022);
INSERT INTO historico_disc_professor (id_prof, cod_disc, semestre, ano) VALUES (97499, 93583535, 5, 2019);
INSERT INTO historico_disc_professor (id_prof, cod_disc, semestre, ano) VALUES (97499, 13591915, 6, 2012);
INSERT INTO historico_disc_professor (id_prof, cod_disc, semestre, ano) VALUES (97499, 62525820, 1, 2004);
INSERT INTO historico_disc_professor (id_prof, cod_disc, semestre, ano) VALUES (29053, 26192328, 7, 2020);
INSERT INTO historico_disc_professor (id_prof, cod_disc, semestre, ano) VALUES (29053, 17402713, 2, 2013);
INSERT INTO historico_disc_professor (id_prof, cod_disc, semestre, ano) VALUES (29053, 46128786, 9, 2019);
INSERT INTO historico_disc_professor (id_prof, cod_disc, semestre, ano) VALUES (29053, 41350236, 7, 2007);
INSERT INTO historico_disc_professor (id_prof, cod_disc, semestre, ano) VALUES (29053, 46921820, 4, 2018);
INSERT INTO historico_disc_professor (id_prof, cod_disc, semestre, ano) VALUES (29053, 67711680, 8, 2020);
INSERT INTO historico_disc_professor (id_prof, cod_disc, semestre, ano) VALUES (29053, 35983430, 6, 2022);
INSERT INTO historico_disc_professor (id_prof, cod_disc, semestre, ano) VALUES (29053, 93269605, 2, 2001);
INSERT INTO historico_disc_professor (id_prof, cod_disc, semestre, ano) VALUES (29053, 72713061, 9, 2023);
INSERT INTO historico_disc_professor (id_prof, cod_disc, semestre, ano) VALUES (29053, 43263742, 8, 2009);
INSERT INTO historico_disc_professor (id_prof, cod_disc, semestre, ano) VALUES (29053, 13738699, 9, 2017);
INSERT INTO historico_disc_professor (id_prof, cod_disc, semestre, ano) VALUES (29053, 04233389, 3, 2015);
INSERT INTO historico_disc_professor (id_prof, cod_disc, semestre, ano) VALUES (29053, 44731116, 3, 2016);
INSERT INTO historico_disc_professor (id_prof, cod_disc, semestre, ano) VALUES (29053, 88144991, 9, 2018);
INSERT INTO historico_disc_professor (id_prof, cod_disc, semestre, ano) VALUES (29053, 86795633, 1, 2005);
INSERT INTO historico_disc_professor (id_prof, cod_disc, semestre, ano) VALUES (29053, 85929840, 6, 2016);
INSERT INTO historico_disc_professor (id_prof, cod_disc, semestre, ano) VALUES (29053, 17360588, 3, 2020);
INSERT INTO historico_disc_professor (id_prof, cod_disc, semestre, ano) VALUES (29053, 93269605, 9, 2017);
INSERT INTO historico_disc_professor (id_prof, cod_disc, semestre, ano) VALUES (29053, 35053452, 1, 2023);
INSERT INTO historico_disc_professor (id_prof, cod_disc, semestre, ano) VALUES (29053, 12027589, 8, 2006);
INSERT INTO historico_disc_professor (id_prof, cod_disc, semestre, ano) VALUES (48699, 40285768, 5, 2021);
INSERT INTO historico_disc_professor (id_prof, cod_disc, semestre, ano) VALUES (48699, 56899603, 2, 2016);
INSERT INTO historico_disc_professor (id_prof, cod_disc, semestre, ano) VALUES (48699, 56899603, 6, 2009);
INSERT INTO historico_disc_professor (id_prof, cod_disc, semestre, ano) VALUES (48699, 13591915, 4, 2002);
INSERT INTO historico_disc_professor (id_prof, cod_disc, semestre, ano) VALUES (48699, 21119652, 2, 2012);
INSERT INTO historico_disc_professor (id_prof, cod_disc, semestre, ano) VALUES (48699, 44731116, 9, 2004);
INSERT INTO historico_disc_professor (id_prof, cod_disc, semestre, ano) VALUES (48699, 40285768, 1, 2020);
INSERT INTO historico_disc_professor (id_prof, cod_disc, semestre, ano) VALUES (48699, 19737997, 1, 2005);
INSERT INTO historico_disc_professor (id_prof, cod_disc, semestre, ano) VALUES (48699, 32717745, 7, 2022);
INSERT INTO historico_disc_professor (id_prof, cod_disc, semestre, ano) VALUES (48699, 56899603, 3, 2011);
INSERT INTO historico_disc_professor (id_prof, cod_disc, semestre, ano) VALUES (48699, 35983430, 1, 2004);
INSERT INTO historico_disc_professor (id_prof, cod_disc, semestre, ano) VALUES (48699, 38828350, 7, 2021);
INSERT INTO historico_disc_professor (id_prof, cod_disc, semestre, ano) VALUES (48699, 93269605, 6, 2006);
INSERT INTO historico_disc_professor (id_prof, cod_disc, semestre, ano) VALUES (48699, 72893308, 7, 2008);
INSERT INTO historico_disc_professor (id_prof, cod_disc, semestre, ano) VALUES (48699, 46128786, 9, 2023);
INSERT INTO historico_disc_professor (id_prof, cod_disc, semestre, ano) VALUES (48699, 53918602, 8, 2000);
INSERT INTO historico_disc_professor (id_prof, cod_disc, semestre, ano) VALUES (48699, 76776617, 3, 2018);
INSERT INTO historico_disc_professor (id_prof, cod_disc, semestre, ano) VALUES (48699, 41574547, 8, 2022);
INSERT INTO historico_disc_professor (id_prof, cod_disc, semestre, ano) VALUES (48699, 41574547, 9, 2008);
INSERT INTO historico_disc_professor (id_prof, cod_disc, semestre, ano) VALUES (48699, 32717745, 3, 2007);
INSERT INTO historico_disc_professor (id_prof, cod_disc, semestre, ano) VALUES (70880, 13548741, 4, 2017);
INSERT INTO historico_disc_professor (id_prof, cod_disc, semestre, ano) VALUES (70880, 13591915, 6, 2019);
INSERT INTO historico_disc_professor (id_prof, cod_disc, semestre, ano) VALUES (70880, 35630293, 7, 2019);
INSERT INTO historico_disc_professor (id_prof, cod_disc, semestre, ano) VALUES (70880, 48003781, 3, 2003);
INSERT INTO historico_disc_professor (id_prof, cod_disc, semestre, ano) VALUES (70880, 54208989, 2, 2005);
INSERT INTO historico_disc_professor (id_prof, cod_disc, semestre, ano) VALUES (70880, 26192328, 9, 2008);
INSERT INTO historico_disc_professor (id_prof, cod_disc, semestre, ano) VALUES (70880, 33879970, 7, 2003);
INSERT INTO historico_disc_professor (id_prof, cod_disc, semestre, ano) VALUES (70880, 44731116, 9, 2004);
INSERT INTO historico_disc_professor (id_prof, cod_disc, semestre, ano) VALUES (70880, 30964869, 3, 2004);
INSERT INTO historico_disc_professor (id_prof, cod_disc, semestre, ano) VALUES (70880, 27301672, 6, 2017);
INSERT INTO historico_disc_professor (id_prof, cod_disc, semestre, ano) VALUES (70880, 43263742, 7, 2003);
INSERT INTO historico_disc_professor (id_prof, cod_disc, semestre, ano) VALUES (70880, 00070562, 4, 2018);
INSERT INTO historico_disc_professor (id_prof, cod_disc, semestre, ano) VALUES (70880, 92637118, 2, 2016);
INSERT INTO historico_disc_professor (id_prof, cod_disc, semestre, ano) VALUES (70880, 72713061, 4, 2008);
INSERT INTO historico_disc_professor (id_prof, cod_disc, semestre, ano) VALUES (70880, 82288050, 9, 2006);
INSERT INTO historico_disc_professor (id_prof, cod_disc, semestre, ano) VALUES (70880, 79995264, 6, 2010);
INSERT INTO historico_disc_professor (id_prof, cod_disc, semestre, ano) VALUES (70880, 72893308, 4, 2013);
INSERT INTO historico_disc_professor (id_prof, cod_disc, semestre, ano) VALUES (70880, 26192328, 1, 2015);
INSERT INTO historico_disc_professor (id_prof, cod_disc, semestre, ano) VALUES (70880, 98309571, 3, 2002);
INSERT INTO historico_disc_professor (id_prof, cod_disc, semestre, ano) VALUES (70880, 19649071, 8, 2019);
INSERT INTO tcc (id, titulo, id_prof) VALUES (764, 'Análise de Estruturas de Concreto Armado em Edifícios Altos', 76443);
INSERT INTO tcc (id, titulo, id_prof) VALUES (661, 'Desenvolvimento de Sistemas de Energia Solar Fotovoltaica em Áreas Urbanas', 80612);
INSERT INTO tcc (id, titulo, id_prof) VALUES (442, 'Otimização de Processos de Produção em uma Indústria Automobilística', 51610);
INSERT INTO tcc (id, titulo, id_prof) VALUES (002, 'Modelagem Computacional de Fluxo de Fluidos em Tubulações Industriais', 89870);
INSERT INTO tcc (id, titulo, id_prof) VALUES (259, 'Impacto Ambiental da Indústria de Petróleo em Regiões Costeiras', 85460);
INSERT INTO tcc (id, titulo, id_prof) VALUES (026, 'Automação de Processos Industriais com Uso de Controladores Lógicos Programáveis', 22280);
INSERT INTO tcc (id, titulo, id_prof) VALUES (539, 'Desenvolvimento de Algoritmos para Reconhecimento de Padrões em Imagens Médicas', 70880);
INSERT INTO tcc (id, titulo, id_prof) VALUES (636, 'Implementação de um Sistema de Gerenciamento de Banco de Dados para Empresas de Pequeno Porte', 19703);
INSERT INTO tcc (id, titulo, id_prof) VALUES (242, 'Simulação de Tráfego Urbano Utilizando Redes Neurais Artificiais', 11018);
INSERT INTO tcc (id, titulo, id_prof) VALUES (862, 'Análise da Viabilidade Econômica de Projetos de Energias Renováveis', 78204);
INSERT INTO tcc (id, titulo, id_prof) VALUES (822, 'Desenvolvimento de um Software para Gestão de Projetos de Engenharia Civil', 71938);
INSERT INTO tcc (id, titulo, id_prof) VALUES (366, 'Aplicação de Métodos de Controle Robusto em Sistemas de Automação Industrial', 28944);
INSERT INTO tcc (id, titulo, id_prof) VALUES (933, 'Estudo de Materiais Alternativos para Construção Civil Sustentável', 97499);
INSERT INTO tcc (id, titulo, id_prof) VALUES (229, 'Desenvolvimento de Aplicativos Móveis para Educação a Distância', 33400);
INSERT INTO tcc (id, titulo, id_prof) VALUES (459, 'Segurança da Informação em Ambientes Corporativos: Desafios e Soluções', 58743);
INSERT INTO tcc (id, titulo, id_prof) VALUES (270, 'Projeto de Redes de Computadores para Ambientes de Alta Disponibilidade', 89870);
INSERT INTO tcc (id, titulo, id_prof) VALUES (391, 'Implementação de Algoritmos de Aprendizado de Máquina para Previsão de Demanda Energética', 78204);
INSERT INTO tcc (id, titulo, id_prof) VALUES (166, 'Desenvolvimento de Jogos Educativos Utilizando Realidade Aumentada', 69335);
INSERT INTO tcc (id, titulo, id_prof) VALUES (960, 'Análise de Sistemas de Comunicação Óptica em Redes Metropolitanas', 69335);
INSERT INTO tcc (id, titulo, id_prof) VALUES (531, 'Desenvolvimento de Tecnologias Assistivas para Pessoas com Deficiência', 19446);
INSERT INTO tcc (id, titulo, id_prof) VALUES (223, 'Estudo de Viabilidade Técnica e Econômica de Sistemas de Cogeração em Edifícios Comerciais', 68070);
INSERT INTO tcc (id, titulo, id_prof) VALUES (216, 'Projeto e Implementação de Sistemas Embarcados para Monitoramento de Saúde', 58743);
INSERT INTO tcc (id, titulo, id_prof) VALUES (316, 'Desenvolvimento de Algoritmos de Criptografia para Segurança em Redes sem Fio', 70880);
INSERT INTO tcc (id, titulo, id_prof) VALUES (544, 'Otimização de Processos de Manufatura Aditiva em Impressoras 3D', 74354);
INSERT INTO tcc (id, titulo, id_prof) VALUES (127, 'Desenvolvimento de Soluções de Big Data para Análise de Dados de Redes Sociais', 24362);
INSERT INTO tcc (id, titulo, id_prof) VALUES (616, 'Estudo de Impacto Ambiental de Projetos de Infraestrutura de Transporte', 69335);
INSERT INTO tcc (id, titulo, id_prof) VALUES (551, 'Desenvolvimento de Ferramentas de Análise de Desempenho para Redes de Computadores', 87975);
INSERT INTO tcc (id, titulo, id_prof) VALUES (765, 'Aplicação de Técnicas de Inteligência Artificial em Sistemas de Diagnóstico Médico', 75158);
INSERT INTO tcc (id, titulo, id_prof) VALUES (244, 'Desenvolvimento de Sistemas de Controle de Qualidade para a Indústria de Alimentos', 31939);
INSERT INTO tcc (id, titulo, id_prof) VALUES (297, 'Projeto de Sistemas de Energia Eólica para Comunidades Rurais Isoladas', 78204);
INSERT INTO tcc (id, titulo, id_prof) VALUES (132, 'Desenvolvimento de Algoritmos para Análise de Dados Genômicos', 22280);
INSERT INTO tcc (id, titulo, id_prof) VALUES (568, 'Estudo da Dinâmica de Veículos Elétricos em Ambientes Urbanos', 89279);
INSERT INTO tcc (id, titulo, id_prof) VALUES (962, 'Implementação de Sistemas de Monitoramento Ambiental Utilizando Redes de Sensores Sem Fio', 22280);
INSERT INTO tcc (id, titulo, id_prof) VALUES (398, 'Análise de Viabilidade de Implantação de Sistemas de Irrigação Automatizados', 82800);
INSERT INTO tcc (id, titulo, id_prof) VALUES (233, 'Desenvolvimento de Modelos Computacionais para Previsão de Desastres Naturais', 67421);
INSERT INTO tcc (id, titulo, id_prof) VALUES (546, 'Projeto e Implementação de Sistemas de Telemetria para Veículos Autônomos', 89870);
INSERT INTO tcc (id, titulo, id_prof) VALUES (032, 'Desenvolvimento de Algoritmos para Otimização de Redes de Distribuição de Energia', 76645);
INSERT INTO tcc (id, titulo, id_prof) VALUES (119, 'Estudo de Soluções Tecnológicas para Tratamento de Água e Efluentes Industriais', 78204);
INSERT INTO tcc (id, titulo, id_prof) VALUES (972, 'Aplicação de Métodos de Simulação Computacional em Projetos de Engenharia Aeroespacial', 24362);
INSERT INTO tcc (id, titulo, id_prof) VALUES (129, 'Desenvolvimento de Sistemas de Automação para Edifícios Inteligentes', 89870);
INSERT INTO tcc (id, titulo, id_prof) VALUES (816, 'Estudo da Utilização de Nanotecnologia em Processos de Purificação de Água', 67421);
INSERT INTO tcc (id, titulo, id_prof) VALUES (646, 'Implementação de Sistemas de Detecção de Intrusos em Redes de Computadores', 69335);
INSERT INTO tcc (id, titulo, id_prof) VALUES (295, 'Análise de Desempenho de Protocolos de Comunicação para Internet das Coisas (IoT)', 82800);
INSERT INTO tcc (id, titulo, id_prof) VALUES (266, 'Desenvolvimento de Ferramentas de Visualização de Dados para Sistemas de Informação Geográfica', 77095);
INSERT INTO tcc (id, titulo, id_prof) VALUES (037, 'Estudo de Técnicas de Bioinformática para Análise de Sequências de DNA', 24362);
INSERT INTO tcc (id, titulo, id_prof) VALUES (534, 'Projeto de Sistemas de Controle de Tráfego Aéreo Utilizando Redes Neurais Artificiais', 44653);
INSERT INTO tcc (id, titulo, id_prof) VALUES (264, 'Desenvolvimento de Soluções de Automação para a Indústria 4.0', 85460);
INSERT INTO tcc (id, titulo, id_prof) VALUES (241, 'Análise de Sistemas de Energia Solar Térmica para Aquecimento de Água', 33400);
INSERT INTO tcc (id, titulo, id_prof) VALUES (358, 'Estudo de Materiais Avançados para Aplicações em Engenharia Civil', 43645);
INSERT INTO tcc (id, titulo, id_prof) VALUES (210, 'Implementação de Algoritmos de Processamento de Imagens para Detecção de Defeitos em Produtos Industriais', 71938);
INSERT INTO tcc (id, titulo, id_prof) VALUES (291, 'Desenvolvimento de Modelos de Previsão de Demanda em Sistemas de Transporte Público', 04658);
INSERT INTO tcc (id, titulo, id_prof) VALUES (954, 'Análise de Sistemas de Gestão de Resíduos Sólidos em Ambientes Urbanos', 75158);
INSERT INTO tcc (id, titulo, id_prof) VALUES (838, 'Desenvolvimento de Sistemas de Comunicação para Redes de Sensores Submarinos', 86818);
INSERT INTO tcc (id, titulo, id_prof) VALUES (655, 'Estudo de Técnicas de Mineração de Dados para Análise de Dados Educacionais', 97007);
INSERT INTO tcc (id, titulo, id_prof) VALUES (368, 'Projeto de Sistemas de Controle para Veículos Autônomos de Transporte de Carga', 87835);
INSERT INTO tcc (id, titulo, id_prof) VALUES (313, 'Desenvolvimento de Algoritmos para Reconhecimento de Voz em Aplicações Móveis', 43645);
INSERT INTO tcc (id, titulo, id_prof) VALUES (267, 'Análise de Impacto Econômico de Projetos de Infraestrutura de Telecomunicações', 29053);
INSERT INTO tcc (id, titulo, id_prof) VALUES (810, 'Desenvolvimento de Sistemas de Realidade Virtual para Treinamento de Profissionais de Saúde', 50203);
INSERT INTO tcc (id, titulo, id_prof) VALUES (157, 'Estudo de Soluções Tecnológicas para Monitoramento de Mudanças Climáticas', 89279);
INSERT INTO tcc (id, titulo, id_prof) VALUES (889, 'Projeto de Redes de Computadores para Ambientes Industriais', 11606);
INSERT INTO tcc (id, titulo, id_prof) VALUES (238, 'Desenvolvimento de Algoritmos de Aprendizado Profundo para Análise de Imagens Médicas', 97499);
INSERT INTO tcc (id, titulo, id_prof) VALUES (941, 'Estudo de Materiais Compósitos para Aplicações em Engenharia Mecânica', 75158);
INSERT INTO tcc (id, titulo, id_prof) VALUES (279, 'Implementação de Sistemas de Automação para Processos de Manufatura', 31939);
INSERT INTO tcc (id, titulo, id_prof) VALUES (108, 'Desenvolvimento de Tecnologias de Informação para Gestão de Recursos Hídricos', 67361);
INSERT INTO tcc (id, titulo, id_prof) VALUES (926, 'Análise de Sistemas de Gestão de Energia em Edifícios Comerciais', 97499);
INSERT INTO tcc (id, titulo, id_prof) VALUES (053, 'Desenvolvimento de Soluções de Segurança para Redes de Computadores Industriais', 77095);
INSERT INTO tcc (id, titulo, id_prof) VALUES (198, 'Estudo de Técnicas de Inteligência Artificial para Previsão de Desempenho Escolar', 08118);
INSERT INTO tcc (id, titulo, id_prof) VALUES (142, 'Projeto de Sistemas de Controle para Drones Utilizados em Agricultura de Precisão', 97007);
INSERT INTO tcc (id, titulo, id_prof) VALUES (649, 'Desenvolvimento de Algoritmos para Análise de Dados de Sensores em Tempo Real', 85460);
INSERT INTO tcc (id, titulo, id_prof) VALUES (617, 'Análise de Viabilidade de Implantação de Sistemas de Energia Solar em Residências', 76645);
INSERT INTO tcc (id, titulo, id_prof) VALUES (726, 'Desenvolvimento de Sistemas de Informação para Gestão de Projetos de Construção Civil', 51610);
INSERT INTO tcc (id, titulo, id_prof) VALUES (081, 'Estudo de Soluções de Automação para Processos de Produção de Alimentos', 19446);
INSERT INTO tcc (id, titulo, id_prof) VALUES (795, 'Projeto de Sistemas de Comunicação para Veículos Autônomos', 75158);
INSERT INTO tcc (id, titulo, id_prof) VALUES (239, 'Desenvolvimento de Algoritmos para Otimização de Rotas em Sistemas de Transporte', 51610);
INSERT INTO tcc (id, titulo, id_prof) VALUES (147, 'Análise de Impacto Ambiental de Projetos de Infraestrutura Hidrelétrica', 87835);
INSERT INTO tcc (id, titulo, id_prof) VALUES (493, 'Desenvolvimento de Sistemas de Monitoramento de Saúde para Idosos', 69335);
INSERT INTO tcc (id, titulo, id_prof) VALUES (929, 'Estudo de Soluções Tecnológicas para Redução de Emissões de Gases de Efeito Estufa', 24362);
INSERT INTO tcc (id, titulo, id_prof) VALUES (462, 'Projeto de Sistemas de Controle de Qualidade para a Indústria Farmacêutica', 16938);
INSERT INTO tcc (id, titulo, id_prof) VALUES (917, 'Desenvolvimento de Ferramentas de Análise de Dados para Projetos de Engenharia', 58743);
INSERT INTO tcc (id, titulo, id_prof) VALUES (796, 'Análise de Viabilidade de Implantação de Sistemas de Energia Eólica Offshore', 85460);
INSERT INTO tcc (id, titulo, id_prof) VALUES (484, 'Desenvolvimento de Sistemas de Realidade Aumentada para Aplicações Industriais', 50203);
INSERT INTO tcc (id, titulo, id_prof) VALUES (042, 'Estudo de Técnicas de Inteligência Artificial para Diagnóstico de Doenças', 19703);
INSERT INTO tcc (id, titulo, id_prof) VALUES (952, 'Projeto de Redes de Computadores para Ambientes Acadêmicos', 76443);
INSERT INTO tcc (id, titulo, id_prof) VALUES (091, 'Desenvolvimento de Algoritmos para Detecção de Anomalias em Redes de Computadores', 74354);
INSERT INTO tcc (id, titulo, id_prof) VALUES (452, 'Análise de Sistemas de Gestão de Resíduos em Indústrias de Alimentos', 28944);
INSERT INTO tcc (id, titulo, id_prof) VALUES (269, 'Desenvolvimento de Soluções de Big Data para Monitoramento Ambiental', 89828);
INSERT INTO tcc (id, titulo, id_prof) VALUES (411, 'Estudo de Materiais Inteligentes para Aplicações em Engenharia Biomédica', 60957);
INSERT INTO tcc (id, titulo, id_prof) VALUES (845, 'Implementação de Sistemas de Controle para Processos de Produção Sustentável', 69335);
INSERT INTO tcc (id, titulo, id_prof) VALUES (481, 'Desenvolvimento de Tecnologias Assistivas para Pessoas com Deficiência Visual', 11606);
INSERT INTO tcc (id, titulo, id_prof) VALUES (486, 'Análise de Impacto Econômico de Projetos de Energia Solar em Comunidades Rurais', 75158);
INSERT INTO tcc (id, titulo, id_prof) VALUES (693, 'Desenvolvimento de Sistemas de Informação para Gestão de Saúde Pública', 74354);
INSERT INTO tcc (id, titulo, id_prof) VALUES (995, 'Estudo de Técnicas de Mineração de Dados para Previsão de Comportamento do Consumidor', 76443);
INSERT INTO tcc (id, titulo, id_prof) VALUES (600, 'Projeto de Sistemas de Automação para Processos de Manufatura de Produtos Eletrônicos', 67361);
INSERT INTO tcc (id, titulo, id_prof) VALUES (182, 'Desenvolvimento de Algoritmos de Processamento de Sinais para Aplicações Biomédicas', 04658);
INSERT INTO grupo_tcc (id_tcc, id_aluno) VALUES (764, 350741432);
INSERT INTO grupo_tcc (id_tcc, id_aluno) VALUES (764, 248576916);
INSERT INTO grupo_tcc (id_tcc, id_aluno) VALUES (764, 603840230);
INSERT INTO grupo_tcc (id_tcc, id_aluno) VALUES (764, 870134473);
INSERT INTO grupo_tcc (id_tcc, id_aluno) VALUES (661, 599644222);
INSERT INTO grupo_tcc (id_tcc, id_aluno) VALUES (661, 151130501);
INSERT INTO grupo_tcc (id_tcc, id_aluno) VALUES (661, 356004343);
INSERT INTO grupo_tcc (id_tcc, id_aluno) VALUES (661, 350741432);
INSERT INTO grupo_tcc (id_tcc, id_aluno) VALUES (442, 617294569);
INSERT INTO grupo_tcc (id_tcc, id_aluno) VALUES (442, 827757950);
INSERT INTO grupo_tcc (id_tcc, id_aluno) VALUES (442, 914853751);
INSERT INTO grupo_tcc (id_tcc, id_aluno) VALUES (442, 958523888);
INSERT INTO grupo_tcc (id_tcc, id_aluno) VALUES (002, 398302550);
INSERT INTO grupo_tcc (id_tcc, id_aluno) VALUES (002, 528502488);
INSERT INTO grupo_tcc (id_tcc, id_aluno) VALUES (002, 866732589);
INSERT INTO grupo_tcc (id_tcc, id_aluno) VALUES (002, 993832687);
INSERT INTO grupo_tcc (id_tcc, id_aluno) VALUES (259, 523457040);
INSERT INTO grupo_tcc (id_tcc, id_aluno) VALUES (259, 245583563);
INSERT INTO grupo_tcc (id_tcc, id_aluno) VALUES (259, 993832687);
INSERT INTO grupo_tcc (id_tcc, id_aluno) VALUES (259, 575718266);
INSERT INTO grupo_tcc (id_tcc, id_aluno) VALUES (026, 950658517);
INSERT INTO grupo_tcc (id_tcc, id_aluno) VALUES (026, 467541531);
INSERT INTO grupo_tcc (id_tcc, id_aluno) VALUES (026, 267169562);
INSERT INTO grupo_tcc (id_tcc, id_aluno) VALUES (026, 316461692);
INSERT INTO grupo_tcc (id_tcc, id_aluno) VALUES (539, 446594472);
INSERT INTO grupo_tcc (id_tcc, id_aluno) VALUES (539, 399901853);
INSERT INTO grupo_tcc (id_tcc, id_aluno) VALUES (539, 597911513);
INSERT INTO grupo_tcc (id_tcc, id_aluno) VALUES (539, 930685475);
INSERT INTO grupo_tcc (id_tcc, id_aluno) VALUES (636, 644370168);
INSERT INTO grupo_tcc (id_tcc, id_aluno) VALUES (636, 207285315);
INSERT INTO grupo_tcc (id_tcc, id_aluno) VALUES (636, 160308263);
INSERT INTO grupo_tcc (id_tcc, id_aluno) VALUES (636, 889610747);
INSERT INTO grupo_tcc (id_tcc, id_aluno) VALUES (242, 889610747);
INSERT INTO grupo_tcc (id_tcc, id_aluno) VALUES (242, 603840230);
INSERT INTO grupo_tcc (id_tcc, id_aluno) VALUES (242, 047669478);
INSERT INTO grupo_tcc (id_tcc, id_aluno) VALUES (242, 866732589);
INSERT INTO grupo_tcc (id_tcc, id_aluno) VALUES (862, 158884194);
INSERT INTO grupo_tcc (id_tcc, id_aluno) VALUES (862, 162641178);
INSERT INTO grupo_tcc (id_tcc, id_aluno) VALUES (862, 045242076);
INSERT INTO grupo_tcc (id_tcc, id_aluno) VALUES (862, 176828294);
INSERT INTO grupo_tcc (id_tcc, id_aluno) VALUES (822, 678071665);
INSERT INTO grupo_tcc (id_tcc, id_aluno) VALUES (822, 848650601);
INSERT INTO grupo_tcc (id_tcc, id_aluno) VALUES (822, 993832687);
INSERT INTO grupo_tcc (id_tcc, id_aluno) VALUES (822, 914853751);
INSERT INTO grupo_tcc (id_tcc, id_aluno) VALUES (366, 440991444);
INSERT INTO grupo_tcc (id_tcc, id_aluno) VALUES (366, 482101150);
INSERT INTO grupo_tcc (id_tcc, id_aluno) VALUES (366, 041682967);
INSERT INTO grupo_tcc (id_tcc, id_aluno) VALUES (366, 254216367);
INSERT INTO grupo_tcc (id_tcc, id_aluno) VALUES (933, 422064416);
INSERT INTO grupo_tcc (id_tcc, id_aluno) VALUES (933, 552781504);
INSERT INTO grupo_tcc (id_tcc, id_aluno) VALUES (933, 082632116);
INSERT INTO grupo_tcc (id_tcc, id_aluno) VALUES (933, 699818743);
INSERT INTO grupo_tcc (id_tcc, id_aluno) VALUES (229, 109775981);
INSERT INTO grupo_tcc (id_tcc, id_aluno) VALUES (229, 604214638);
INSERT INTO grupo_tcc (id_tcc, id_aluno) VALUES (229, 696503224);
INSERT INTO grupo_tcc (id_tcc, id_aluno) VALUES (229, 799161828);
INSERT INTO grupo_tcc (id_tcc, id_aluno) VALUES (459, 552781504);
INSERT INTO grupo_tcc (id_tcc, id_aluno) VALUES (459, 008412257);
INSERT INTO grupo_tcc (id_tcc, id_aluno) VALUES (459, 180599490);
INSERT INTO grupo_tcc (id_tcc, id_aluno) VALUES (459, 182552490);
INSERT INTO grupo_tcc (id_tcc, id_aluno) VALUES (270, 777464082);
INSERT INTO grupo_tcc (id_tcc, id_aluno) VALUES (270, 385765550);
INSERT INTO grupo_tcc (id_tcc, id_aluno) VALUES (270, 497844059);
INSERT INTO grupo_tcc (id_tcc, id_aluno) VALUES (270, 034530791);
INSERT INTO grupo_tcc (id_tcc, id_aluno) VALUES (391, 675600041);
INSERT INTO grupo_tcc (id_tcc, id_aluno) VALUES (391, 490760800);
INSERT INTO grupo_tcc (id_tcc, id_aluno) VALUES (391, 465799999);
INSERT INTO grupo_tcc (id_tcc, id_aluno) VALUES (391, 289175821);
INSERT INTO grupo_tcc (id_tcc, id_aluno) VALUES (166, 324573237);
INSERT INTO grupo_tcc (id_tcc, id_aluno) VALUES (166, 732516746);
INSERT INTO grupo_tcc (id_tcc, id_aluno) VALUES (166, 678071665);
INSERT INTO grupo_tcc (id_tcc, id_aluno) VALUES (166, 398302550);
INSERT INTO grupo_tcc (id_tcc, id_aluno) VALUES (960, 675600041);
INSERT INTO grupo_tcc (id_tcc, id_aluno) VALUES (960, 398302550);
INSERT INTO grupo_tcc (id_tcc, id_aluno) VALUES (960, 159459569);
INSERT INTO grupo_tcc (id_tcc, id_aluno) VALUES (960, 924766081);
INSERT INTO grupo_tcc (id_tcc, id_aluno) VALUES (531, 378649602);
INSERT INTO grupo_tcc (id_tcc, id_aluno) VALUES (531, 666257148);
INSERT INTO grupo_tcc (id_tcc, id_aluno) VALUES (531, 388138815);
INSERT INTO grupo_tcc (id_tcc, id_aluno) VALUES (531, 368124473);
INSERT INTO grupo_tcc (id_tcc, id_aluno) VALUES (223, 943951552);
INSERT INTO grupo_tcc (id_tcc, id_aluno) VALUES (223, 227283872);
INSERT INTO grupo_tcc (id_tcc, id_aluno) VALUES (223, 976494446);
INSERT INTO grupo_tcc (id_tcc, id_aluno) VALUES (223, 732516746);
INSERT INTO grupo_tcc (id_tcc, id_aluno) VALUES (216, 673726853);
INSERT INTO grupo_tcc (id_tcc, id_aluno) VALUES (216, 788679146);
INSERT INTO grupo_tcc (id_tcc, id_aluno) VALUES (216, 368124473);
INSERT INTO grupo_tcc (id_tcc, id_aluno) VALUES (216, 351219328);
INSERT INTO grupo_tcc (id_tcc, id_aluno) VALUES (316, 622505854);
INSERT INTO grupo_tcc (id_tcc, id_aluno) VALUES (316, 438223570);
INSERT INTO grupo_tcc (id_tcc, id_aluno) VALUES (316, 449234017);
INSERT INTO grupo_tcc (id_tcc, id_aluno) VALUES (316, 603840230);
INSERT INTO grupo_tcc (id_tcc, id_aluno) VALUES (544, 041682967);
INSERT INTO grupo_tcc (id_tcc, id_aluno) VALUES (544, 316461692);
INSERT INTO grupo_tcc (id_tcc, id_aluno) VALUES (544, 438223570);
INSERT INTO grupo_tcc (id_tcc, id_aluno) VALUES (544, 109775981);
INSERT INTO grupo_tcc (id_tcc, id_aluno) VALUES (127, 974804444);
INSERT INTO grupo_tcc (id_tcc, id_aluno) VALUES (127, 350741432);
INSERT INTO grupo_tcc (id_tcc, id_aluno) VALUES (127, 416424819);
INSERT INTO grupo_tcc (id_tcc, id_aluno) VALUES (127, 870608447);
INSERT INTO grupo_tcc (id_tcc, id_aluno) VALUES (616, 449234017);
INSERT INTO grupo_tcc (id_tcc, id_aluno) VALUES (616, 982396975);
INSERT INTO grupo_tcc (id_tcc, id_aluno) VALUES (616, 678071665);
INSERT INTO grupo_tcc (id_tcc, id_aluno) VALUES (616, 958134209);
INSERT INTO grupo_tcc (id_tcc, id_aluno) VALUES (551, 550887077);
INSERT INTO grupo_tcc (id_tcc, id_aluno) VALUES (551, 218756398);
INSERT INTO grupo_tcc (id_tcc, id_aluno) VALUES (551, 041682967);
INSERT INTO grupo_tcc (id_tcc, id_aluno) VALUES (551, 528502488);
INSERT INTO grupo_tcc (id_tcc, id_aluno) VALUES (765, 597911513);
INSERT INTO grupo_tcc (id_tcc, id_aluno) VALUES (765, 722755839);
INSERT INTO grupo_tcc (id_tcc, id_aluno) VALUES (765, 176828294);
INSERT INTO grupo_tcc (id_tcc, id_aluno) VALUES (765, 288847576);
INSERT INTO grupo_tcc (id_tcc, id_aluno) VALUES (244, 008412257);
INSERT INTO grupo_tcc (id_tcc, id_aluno) VALUES (244, 824159780);
INSERT INTO grupo_tcc (id_tcc, id_aluno) VALUES (244, 160308263);
INSERT INTO grupo_tcc (id_tcc, id_aluno) VALUES (244, 405839795);
INSERT INTO grupo_tcc (id_tcc, id_aluno) VALUES (297, 124805404);
INSERT INTO grupo_tcc (id_tcc, id_aluno) VALUES (297, 085946980);
INSERT INTO grupo_tcc (id_tcc, id_aluno) VALUES (297, 958523888);
INSERT INTO grupo_tcc (id_tcc, id_aluno) VALUES (297, 699818743);
INSERT INTO grupo_tcc (id_tcc, id_aluno) VALUES (132, 577701104);
INSERT INTO grupo_tcc (id_tcc, id_aluno) VALUES (132, 465799999);
INSERT INTO grupo_tcc (id_tcc, id_aluno) VALUES (132, 824159780);
INSERT INTO grupo_tcc (id_tcc, id_aluno) VALUES (132, 958134209);
INSERT INTO grupo_tcc (id_tcc, id_aluno) VALUES (568, 869003046);
INSERT INTO grupo_tcc (id_tcc, id_aluno) VALUES (568, 803059933);
INSERT INTO grupo_tcc (id_tcc, id_aluno) VALUES (568, 457085482);
INSERT INTO grupo_tcc (id_tcc, id_aluno) VALUES (568, 415514118);
INSERT INTO grupo_tcc (id_tcc, id_aluno) VALUES (962, 777464082);
INSERT INTO grupo_tcc (id_tcc, id_aluno) VALUES (962, 721451920);
INSERT INTO grupo_tcc (id_tcc, id_aluno) VALUES (962, 289175821);
INSERT INTO grupo_tcc (id_tcc, id_aluno) VALUES (962, 239790405);
INSERT INTO grupo_tcc (id_tcc, id_aluno) VALUES (398, 162641178);
INSERT INTO grupo_tcc (id_tcc, id_aluno) VALUES (398, 913417769);
INSERT INTO grupo_tcc (id_tcc, id_aluno) VALUES (398, 243832804);
INSERT INTO grupo_tcc (id_tcc, id_aluno) VALUES (398, 976494446);
INSERT INTO grupo_tcc (id_tcc, id_aluno) VALUES (233, 870134473);
INSERT INTO grupo_tcc (id_tcc, id_aluno) VALUES (233, 203791296);
INSERT INTO grupo_tcc (id_tcc, id_aluno) VALUES (233, 678071665);
INSERT INTO grupo_tcc (id_tcc, id_aluno) VALUES (233, 362165289);
INSERT INTO grupo_tcc (id_tcc, id_aluno) VALUES (546, 207285315);
INSERT INTO grupo_tcc (id_tcc, id_aluno) VALUES (546, 818509521);
INSERT INTO grupo_tcc (id_tcc, id_aluno) VALUES (546, 623688758);
INSERT INTO grupo_tcc (id_tcc, id_aluno) VALUES (546, 974804444);
INSERT INTO grupo_tcc (id_tcc, id_aluno) VALUES (032, 231998352);
INSERT INTO grupo_tcc (id_tcc, id_aluno) VALUES (032, 870134473);
INSERT INTO grupo_tcc (id_tcc, id_aluno) VALUES (032, 327881245);
INSERT INTO grupo_tcc (id_tcc, id_aluno) VALUES (032, 930685475);
INSERT INTO grupo_tcc (id_tcc, id_aluno) VALUES (119, 428561898);
INSERT INTO grupo_tcc (id_tcc, id_aluno) VALUES (119, 137641505);
INSERT INTO grupo_tcc (id_tcc, id_aluno) VALUES (119, 185855147);
INSERT INTO grupo_tcc (id_tcc, id_aluno) VALUES (119, 179053150);
INSERT INTO grupo_tcc (id_tcc, id_aluno) VALUES (972, 180599490);
INSERT INTO grupo_tcc (id_tcc, id_aluno) VALUES (972, 316461692);
INSERT INTO grupo_tcc (id_tcc, id_aluno) VALUES (972, 718569041);
INSERT INTO grupo_tcc (id_tcc, id_aluno) VALUES (972, 399901853);
INSERT INTO grupo_tcc (id_tcc, id_aluno) VALUES (129, 958134209);
INSERT INTO grupo_tcc (id_tcc, id_aluno) VALUES (129, 582028381);
INSERT INTO grupo_tcc (id_tcc, id_aluno) VALUES (129, 255021889);
INSERT INTO grupo_tcc (id_tcc, id_aluno) VALUES (129, 416424819);
INSERT INTO grupo_tcc (id_tcc, id_aluno) VALUES (816, 729632533);
INSERT INTO grupo_tcc (id_tcc, id_aluno) VALUES (816, 385765550);
INSERT INTO grupo_tcc (id_tcc, id_aluno) VALUES (816, 817769576);
INSERT INTO grupo_tcc (id_tcc, id_aluno) VALUES (816, 781032792);
INSERT INTO grupo_tcc (id_tcc, id_aluno) VALUES (646, 739081034);
INSERT INTO grupo_tcc (id_tcc, id_aluno) VALUES (646, 407779144);
INSERT INTO grupo_tcc (id_tcc, id_aluno) VALUES (646, 950117833);
INSERT INTO grupo_tcc (id_tcc, id_aluno) VALUES (646, 415514118);
INSERT INTO grupo_tcc (id_tcc, id_aluno) VALUES (295, 162641178);
INSERT INTO grupo_tcc (id_tcc, id_aluno) VALUES (295, 446594472);
INSERT INTO grupo_tcc (id_tcc, id_aluno) VALUES (295, 407779144);
INSERT INTO grupo_tcc (id_tcc, id_aluno) VALUES (295, 428561898);
INSERT INTO grupo_tcc (id_tcc, id_aluno) VALUES (266, 550887077);
INSERT INTO grupo_tcc (id_tcc, id_aluno) VALUES (266, 416424819);
INSERT INTO grupo_tcc (id_tcc, id_aluno) VALUES (266, 528502488);
INSERT INTO grupo_tcc (id_tcc, id_aluno) VALUES (266, 924766081);
INSERT INTO grupo_tcc (id_tcc, id_aluno) VALUES (037, 696503224);
INSERT INTO grupo_tcc (id_tcc, id_aluno) VALUES (037, 432373275);
INSERT INTO grupo_tcc (id_tcc, id_aluno) VALUES (037, 407779144);
INSERT INTO grupo_tcc (id_tcc, id_aluno) VALUES (037, 599644222);
INSERT INTO grupo_tcc (id_tcc, id_aluno) VALUES (534, 047669478);
INSERT INTO grupo_tcc (id_tcc, id_aluno) VALUES (534, 523457040);
INSERT INTO grupo_tcc (id_tcc, id_aluno) VALUES (534, 288847576);
INSERT INTO grupo_tcc (id_tcc, id_aluno) VALUES (534, 729632533);
INSERT INTO grupo_tcc (id_tcc, id_aluno) VALUES (264, 278517929);
INSERT INTO grupo_tcc (id_tcc, id_aluno) VALUES (264, 597911513);
INSERT INTO grupo_tcc (id_tcc, id_aluno) VALUES (264, 619802041);
INSERT INTO grupo_tcc (id_tcc, id_aluno) VALUES (264, 641545565);
INSERT INTO grupo_tcc (id_tcc, id_aluno) VALUES (241, 913417769);
INSERT INTO grupo_tcc (id_tcc, id_aluno) VALUES (241, 137641505);
INSERT INTO grupo_tcc (id_tcc, id_aluno) VALUES (241, 928594596);
INSERT INTO grupo_tcc (id_tcc, id_aluno) VALUES (241, 062130665);
INSERT INTO grupo_tcc (id_tcc, id_aluno) VALUES (358, 673726853);
INSERT INTO grupo_tcc (id_tcc, id_aluno) VALUES (358, 041682967);
INSERT INTO grupo_tcc (id_tcc, id_aluno) VALUES (358, 263792258);
INSERT INTO grupo_tcc (id_tcc, id_aluno) VALUES (358, 490760800);
INSERT INTO grupo_tcc (id_tcc, id_aluno) VALUES (210, 042196867);
INSERT INTO grupo_tcc (id_tcc, id_aluno) VALUES (210, 799161828);
INSERT INTO grupo_tcc (id_tcc, id_aluno) VALUES (210, 619802041);
INSERT INTO grupo_tcc (id_tcc, id_aluno) VALUES (210, 351219328);
INSERT INTO grupo_tcc (id_tcc, id_aluno) VALUES (291, 528502488);
INSERT INTO grupo_tcc (id_tcc, id_aluno) VALUES (291, 505090802);
INSERT INTO grupo_tcc (id_tcc, id_aluno) VALUES (291, 438223570);
INSERT INTO grupo_tcc (id_tcc, id_aluno) VALUES (291, 158884194);
INSERT INTO grupo_tcc (id_tcc, id_aluno) VALUES (954, 641545565);
INSERT INTO grupo_tcc (id_tcc, id_aluno) VALUES (954, 243832804);
INSERT INTO grupo_tcc (id_tcc, id_aluno) VALUES (954, 432373275);
INSERT INTO grupo_tcc (id_tcc, id_aluno) VALUES (954, 699818743);
INSERT INTO grupo_tcc (id_tcc, id_aluno) VALUES (838, 303266667);
INSERT INTO grupo_tcc (id_tcc, id_aluno) VALUES (838, 306111707);
INSERT INTO grupo_tcc (id_tcc, id_aluno) VALUES (838, 552781504);
INSERT INTO grupo_tcc (id_tcc, id_aluno) VALUES (838, 446594472);
INSERT INTO grupo_tcc (id_tcc, id_aluno) VALUES (655, 237457001);
INSERT INTO grupo_tcc (id_tcc, id_aluno) VALUES (655, 685667672);
INSERT INTO grupo_tcc (id_tcc, id_aluno) VALUES (655, 994550884);
INSERT INTO grupo_tcc (id_tcc, id_aluno) VALUES (655, 675600041);
INSERT INTO grupo_tcc (id_tcc, id_aluno) VALUES (368, 162641178);
INSERT INTO grupo_tcc (id_tcc, id_aluno) VALUES (368, 179053150);
INSERT INTO grupo_tcc (id_tcc, id_aluno) VALUES (368, 517964987);
INSERT INTO grupo_tcc (id_tcc, id_aluno) VALUES (368, 082632116);
INSERT INTO grupo_tcc (id_tcc, id_aluno) VALUES (313, 482101150);
INSERT INTO grupo_tcc (id_tcc, id_aluno) VALUES (313, 172895591);
INSERT INTO grupo_tcc (id_tcc, id_aluno) VALUES (313, 603840230);
INSERT INTO grupo_tcc (id_tcc, id_aluno) VALUES (313, 420050301);
INSERT INTO grupo_tcc (id_tcc, id_aluno) VALUES (267, 617294569);
INSERT INTO grupo_tcc (id_tcc, id_aluno) VALUES (267, 494719562);
INSERT INTO grupo_tcc (id_tcc, id_aluno) VALUES (267, 237457001);
INSERT INTO grupo_tcc (id_tcc, id_aluno) VALUES (267, 674506776);
INSERT INTO grupo_tcc (id_tcc, id_aluno) VALUES (810, 162641178);
INSERT INTO grupo_tcc (id_tcc, id_aluno) VALUES (810, 185855147);
INSERT INTO grupo_tcc (id_tcc, id_aluno) VALUES (810, 255021889);
INSERT INTO grupo_tcc (id_tcc, id_aluno) VALUES (810, 085946980);
INSERT INTO grupo_tcc (id_tcc, id_aluno) VALUES (157, 729112372);
INSERT INTO grupo_tcc (id_tcc, id_aluno) VALUES (157, 432373275);
INSERT INTO grupo_tcc (id_tcc, id_aluno) VALUES (157, 109775981);
INSERT INTO grupo_tcc (id_tcc, id_aluno) VALUES (157, 595812739);
INSERT INTO grupo_tcc (id_tcc, id_aluno) VALUES (889, 185855147);
INSERT INTO grupo_tcc (id_tcc, id_aluno) VALUES (889, 045242076);
INSERT INTO grupo_tcc (id_tcc, id_aluno) VALUES (889, 263792258);
INSERT INTO grupo_tcc (id_tcc, id_aluno) VALUES (889, 416424819);
INSERT INTO grupo_tcc (id_tcc, id_aluno) VALUES (238, 914853751);
INSERT INTO grupo_tcc (id_tcc, id_aluno) VALUES (238, 796819798);
INSERT INTO grupo_tcc (id_tcc, id_aluno) VALUES (238, 960282550);
INSERT INTO grupo_tcc (id_tcc, id_aluno) VALUES (238, 595812739);
INSERT INTO grupo_tcc (id_tcc, id_aluno) VALUES (941, 032603053);
INSERT INTO grupo_tcc (id_tcc, id_aluno) VALUES (941, 913417769);
INSERT INTO grupo_tcc (id_tcc, id_aluno) VALUES (941, 444650520);
INSERT INTO grupo_tcc (id_tcc, id_aluno) VALUES (941, 505560564);
INSERT INTO grupo_tcc (id_tcc, id_aluno) VALUES (279, 247025839);
INSERT INTO grupo_tcc (id_tcc, id_aluno) VALUES (279, 490760800);
INSERT INTO grupo_tcc (id_tcc, id_aluno) VALUES (279, 303266667);
INSERT INTO grupo_tcc (id_tcc, id_aluno) VALUES (279, 162641178);
INSERT INTO grupo_tcc (id_tcc, id_aluno) VALUES (108, 577701104);
INSERT INTO grupo_tcc (id_tcc, id_aluno) VALUES (108, 050465241);
INSERT INTO grupo_tcc (id_tcc, id_aluno) VALUES (108, 914853751);
INSERT INTO grupo_tcc (id_tcc, id_aluno) VALUES (108, 575069878);
INSERT INTO grupo_tcc (id_tcc, id_aluno) VALUES (926, 388138815);
INSERT INTO grupo_tcc (id_tcc, id_aluno) VALUES (926, 248576916);
INSERT INTO grupo_tcc (id_tcc, id_aluno) VALUES (926, 597911513);
INSERT INTO grupo_tcc (id_tcc, id_aluno) VALUES (926, 976494446);
INSERT INTO grupo_tcc (id_tcc, id_aluno) VALUES (053, 446594472);
INSERT INTO grupo_tcc (id_tcc, id_aluno) VALUES (053, 550887077);
INSERT INTO grupo_tcc (id_tcc, id_aluno) VALUES (053, 721451920);
INSERT INTO grupo_tcc (id_tcc, id_aluno) VALUES (053, 288847576);
INSERT INTO grupo_tcc (id_tcc, id_aluno) VALUES (198, 943951552);
INSERT INTO grupo_tcc (id_tcc, id_aluno) VALUES (198, 597911513);
INSERT INTO grupo_tcc (id_tcc, id_aluno) VALUES (198, 803059933);
INSERT INTO grupo_tcc (id_tcc, id_aluno) VALUES (198, 739081034);
INSERT INTO grupo_tcc (id_tcc, id_aluno) VALUES (142, 385765550);
INSERT INTO grupo_tcc (id_tcc, id_aluno) VALUES (142, 824159780);
INSERT INTO grupo_tcc (id_tcc, id_aluno) VALUES (142, 669544842);
INSERT INTO grupo_tcc (id_tcc, id_aluno) VALUES (142, 673726853);
INSERT INTO grupo_tcc (id_tcc, id_aluno) VALUES (649, 617294569);
INSERT INTO grupo_tcc (id_tcc, id_aluno) VALUES (649, 827757950);
INSERT INTO grupo_tcc (id_tcc, id_aluno) VALUES (649, 550887077);
INSERT INTO grupo_tcc (id_tcc, id_aluno) VALUES (649, 342721509);
INSERT INTO grupo_tcc (id_tcc, id_aluno) VALUES (617, 478204841);
INSERT INTO grupo_tcc (id_tcc, id_aluno) VALUES (617, 047669478);
INSERT INTO grupo_tcc (id_tcc, id_aluno) VALUES (617, 505090802);
INSERT INTO grupo_tcc (id_tcc, id_aluno) VALUES (617, 176828294);
INSERT INTO grupo_tcc (id_tcc, id_aluno) VALUES (726, 864326152);
INSERT INTO grupo_tcc (id_tcc, id_aluno) VALUES (726, 279365313);
INSERT INTO grupo_tcc (id_tcc, id_aluno) VALUES (726, 803059933);
INSERT INTO grupo_tcc (id_tcc, id_aluno) VALUES (726, 351219328);
INSERT INTO grupo_tcc (id_tcc, id_aluno) VALUES (081, 368124473);
INSERT INTO grupo_tcc (id_tcc, id_aluno) VALUES (081, 363711085);
INSERT INTO grupo_tcc (id_tcc, id_aluno) VALUES (081, 385765550);
INSERT INTO grupo_tcc (id_tcc, id_aluno) VALUES (081, 399901853);
INSERT INTO grupo_tcc (id_tcc, id_aluno) VALUES (795, 138901421);
INSERT INTO grupo_tcc (id_tcc, id_aluno) VALUES (795, 477082749);
INSERT INTO grupo_tcc (id_tcc, id_aluno) VALUES (795, 870608447);
INSERT INTO grupo_tcc (id_tcc, id_aluno) VALUES (795, 465799999);
INSERT INTO grupo_tcc (id_tcc, id_aluno) VALUES (239, 623688758);
INSERT INTO grupo_tcc (id_tcc, id_aluno) VALUES (239, 085946980);
INSERT INTO grupo_tcc (id_tcc, id_aluno) VALUES (239, 422064416);
INSERT INTO grupo_tcc (id_tcc, id_aluno) VALUES (239, 880451764);
INSERT INTO grupo_tcc (id_tcc, id_aluno) VALUES (147, 737486462);
INSERT INTO grupo_tcc (id_tcc, id_aluno) VALUES (147, 950658517);
INSERT INTO grupo_tcc (id_tcc, id_aluno) VALUES (147, 993832687);
INSERT INTO grupo_tcc (id_tcc, id_aluno) VALUES (147, 237457001);
INSERT INTO grupo_tcc (id_tcc, id_aluno) VALUES (493, 870134473);
INSERT INTO grupo_tcc (id_tcc, id_aluno) VALUES (493, 490760800);
INSERT INTO grupo_tcc (id_tcc, id_aluno) VALUES (493, 496180500);
INSERT INTO grupo_tcc (id_tcc, id_aluno) VALUES (493, 079278931);
INSERT INTO grupo_tcc (id_tcc, id_aluno) VALUES (929, 818509521);
INSERT INTO grupo_tcc (id_tcc, id_aluno) VALUES (929, 633708595);
INSERT INTO grupo_tcc (id_tcc, id_aluno) VALUES (929, 185855147);
INSERT INTO grupo_tcc (id_tcc, id_aluno) VALUES (929, 227283872);
INSERT INTO grupo_tcc (id_tcc, id_aluno) VALUES (462, 399901853);
INSERT INTO grupo_tcc (id_tcc, id_aluno) VALUES (462, 151130501);
INSERT INTO grupo_tcc (id_tcc, id_aluno) VALUES (462, 924766081);
INSERT INTO grupo_tcc (id_tcc, id_aluno) VALUES (462, 083125630);
INSERT INTO grupo_tcc (id_tcc, id_aluno) VALUES (917, 732516746);
INSERT INTO grupo_tcc (id_tcc, id_aluno) VALUES (917, 111802836);
INSERT INTO grupo_tcc (id_tcc, id_aluno) VALUES (917, 137641505);
INSERT INTO grupo_tcc (id_tcc, id_aluno) VALUES (917, 577701104);
INSERT INTO grupo_tcc (id_tcc, id_aluno) VALUES (796, 517964987);
INSERT INTO grupo_tcc (id_tcc, id_aluno) VALUES (796, 595812739);
INSERT INTO grupo_tcc (id_tcc, id_aluno) VALUES (796, 100767563);
INSERT INTO grupo_tcc (id_tcc, id_aluno) VALUES (796, 582028381);
INSERT INTO grupo_tcc (id_tcc, id_aluno) VALUES (484, 083125630);
INSERT INTO grupo_tcc (id_tcc, id_aluno) VALUES (484, 449234017);
INSERT INTO grupo_tcc (id_tcc, id_aluno) VALUES (484, 247025839);
INSERT INTO grupo_tcc (id_tcc, id_aluno) VALUES (484, 227283872);
INSERT INTO grupo_tcc (id_tcc, id_aluno) VALUES (042, 914853751);
INSERT INTO grupo_tcc (id_tcc, id_aluno) VALUES (042, 467541531);
INSERT INTO grupo_tcc (id_tcc, id_aluno) VALUES (042, 781032792);
INSERT INTO grupo_tcc (id_tcc, id_aluno) VALUES (042, 385765550);
INSERT INTO grupo_tcc (id_tcc, id_aluno) VALUES (952, 420050301);
INSERT INTO grupo_tcc (id_tcc, id_aluno) VALUES (952, 231998352);
INSERT INTO grupo_tcc (id_tcc, id_aluno) VALUES (952, 523457040);
INSERT INTO grupo_tcc (id_tcc, id_aluno) VALUES (952, 869003046);
INSERT INTO grupo_tcc (id_tcc, id_aluno) VALUES (091, 288847576);
INSERT INTO grupo_tcc (id_tcc, id_aluno) VALUES (091, 407779144);
INSERT INTO grupo_tcc (id_tcc, id_aluno) VALUES (091, 617294569);
INSERT INTO grupo_tcc (id_tcc, id_aluno) VALUES (091, 237457001);
INSERT INTO grupo_tcc (id_tcc, id_aluno) VALUES (452, 702304414);
INSERT INTO grupo_tcc (id_tcc, id_aluno) VALUES (452, 553425515);
INSERT INTO grupo_tcc (id_tcc, id_aluno) VALUES (452, 218756398);
INSERT INTO grupo_tcc (id_tcc, id_aluno) VALUES (452, 643688103);
INSERT INTO grupo_tcc (id_tcc, id_aluno) VALUES (269, 497844059);
INSERT INTO grupo_tcc (id_tcc, id_aluno) VALUES (269, 666257148);
INSERT INTO grupo_tcc (id_tcc, id_aluno) VALUES (269, 553425515);
INSERT INTO grupo_tcc (id_tcc, id_aluno) VALUES (269, 792452038);
INSERT INTO grupo_tcc (id_tcc, id_aluno) VALUES (411, 876606520);
INSERT INTO grupo_tcc (id_tcc, id_aluno) VALUES (411, 721451920);
INSERT INTO grupo_tcc (id_tcc, id_aluno) VALUES (411, 440991444);
INSERT INTO grupo_tcc (id_tcc, id_aluno) VALUES (411, 722755839);
INSERT INTO grupo_tcc (id_tcc, id_aluno) VALUES (845, 158884194);
INSERT INTO grupo_tcc (id_tcc, id_aluno) VALUES (845, 699818743);
INSERT INTO grupo_tcc (id_tcc, id_aluno) VALUES (845, 278517929);
INSERT INTO grupo_tcc (id_tcc, id_aluno) VALUES (845, 137977091);
INSERT INTO grupo_tcc (id_tcc, id_aluno) VALUES (481, 085946980);
INSERT INTO grupo_tcc (id_tcc, id_aluno) VALUES (481, 109775981);
INSERT INTO grupo_tcc (id_tcc, id_aluno) VALUES (481, 218756398);
INSERT INTO grupo_tcc (id_tcc, id_aluno) VALUES (481, 622505854);
INSERT INTO grupo_tcc (id_tcc, id_aluno) VALUES (486, 553425515);
INSERT INTO grupo_tcc (id_tcc, id_aluno) VALUES (486, 289175821);
INSERT INTO grupo_tcc (id_tcc, id_aluno) VALUES (486, 159459569);
INSERT INTO grupo_tcc (id_tcc, id_aluno) VALUES (486, 047669478);
INSERT INTO grupo_tcc (id_tcc, id_aluno) VALUES (693, 517964987);
INSERT INTO grupo_tcc (id_tcc, id_aluno) VALUES (693, 505560564);
INSERT INTO grupo_tcc (id_tcc, id_aluno) VALUES (693, 109775981);
INSERT INTO grupo_tcc (id_tcc, id_aluno) VALUES (693, 876606520);
INSERT INTO grupo_tcc (id_tcc, id_aluno) VALUES (995, 993832687);
INSERT INTO grupo_tcc (id_tcc, id_aluno) VALUES (995, 047669478);
INSERT INTO grupo_tcc (id_tcc, id_aluno) VALUES (995, 641545565);
INSERT INTO grupo_tcc (id_tcc, id_aluno) VALUES (995, 218756398);
INSERT INTO grupo_tcc (id_tcc, id_aluno) VALUES (600, 994550884);
INSERT INTO grupo_tcc (id_tcc, id_aluno) VALUES (600, 278517929);
INSERT INTO grupo_tcc (id_tcc, id_aluno) VALUES (600, 722755839);
INSERT INTO grupo_tcc (id_tcc, id_aluno) VALUES (600, 718569041);
INSERT INTO grupo_tcc (id_tcc, id_aluno) VALUES (182, 914853751);
INSERT INTO grupo_tcc (id_tcc, id_aluno) VALUES (182, 062130665);
INSERT INTO grupo_tcc (id_tcc, id_aluno) VALUES (182, 803059933);
INSERT INTO grupo_tcc (id_tcc, id_aluno) VALUES (182, 696503224);
